"Symbol","Description","Price","Optionable Stocks","Beta","Market Capitalization"
"AA","Alcoa Corp","$59.95","Yes","1.85","$16B (Mid)"
"AAL","American Airlines Group Inc","$13.88","Yes","1.21","$9B (Mid)"
"AAOI","Applied Optoelectronics Inc","$44.46","Yes","3.34","$3B (Small)"
"AAP","Advance Auto Parts Inc","$58.85","Yes","1.11","$4B (Small)"
"AB","AllianceBernstein Holding LP","$40.84","Yes","0.86","$4B (Small)"
"ABCB","Ameris Bancorp","$84.02","Yes","0.97","$6B (Small)"
"ABM","ABM Industries Inc","$44.51","Yes","0.73","$3B (Small)"
"ACAD","ACADIA Pharmaceuticals Inc","$22.03","Yes","0.69","$4B (Small)"
"ACHR","Archer Aviation Inc","$6.77","Yes","3.11","$4B (Small)"
"ACI","Albertsons Companies Inc","$18.57","Yes","0.47","$10B (Mid)"
"ACIW","ACI Worldwide Inc","$39.56","Yes","1.07","$4B (Small)"
"ACLX","Arcellx Inc","$68.50","Yes","0.36","$4B (Small)"
"ACM","AECOM","$88.31","Yes","1.08","$11B (Mid)"
"ACMR","ACM Research Inc","$64.84","Yes","1.45","$4B (Small)"
"ACT","Enact Holdings Inc","$43.29","Yes","0.52","$6B (Small)"
"AD","Array Digital Infrastructure Inc","$50.88","Yes","0.17","$4B (Small)"
"ADC","Agree Realty Corp","$78.08","Yes","0.52","$9B (Mid)"
"ADM","Archer-Daniels-Midland Co","$69.51","Yes","0.67","$33B (Mid)"
"ADMA","ADMA Biologics Inc","$16.09","Yes","0.51","$4B (Small)"
"ADPT","Adaptive Biotechnologies Corp","$16.04","Yes","2.21","$2B (Small)"
"ADT","ADT Inc","$7.74","Yes","1.02","$6B (Small)"
"AEG","Aegon Ltd","$7.58","Yes","0.79","$12B (Mid)"
"AEO","American Eagle Outfitters Inc","$25.48","Yes","1.37","$4B (Small)"
"AES","AES Corp","$16.28","Yes","0.94","$12B (Mid)"
"AFRM","Affirm Holdings Inc","$49.81","Yes","3.61","$17B (Mid)"
"AGNC","AGNC Investment Corp","$11.36","Yes","1.35","$13B (Mid)"
"AGO","Assured Guaranty Ltd","$86.34","Yes","0.90","$4B (Small)"
"AGYS","Agilysys Inc","$81.50","Yes","0.35","$2B (Small)"
"AIG","American International Group Inc","$78.27","Yes","0.59","$42B (Large)"
"AKR","Acadia Realty Trust","$20.59","Yes","1.11","$3B (Small)"
"AL","Air Lease Corp","$64.73","Yes","1.12","$7B (Small)"
"ALGM","Allegro Microsystems Inc","$42.38","Yes","1.60","$8B (Mid)"
"ALHC","Alignment Healthcare Inc","$20.19","Yes","1.19","$4B (Small)"
"ALK","Alaska Air Group Inc","$55.27","Yes","1.14","$6B (Small)"
"ALKS","Alkermes Plc","$33.16","Yes","0.46","$5B (Small)"
"ALRM","Alarm.com Holdings Inc","$46.38","Yes","0.81","$2B (Small)"
"AM","Antero Midstream Corp","$21.45","Yes","0.75","$10B (Mid)"
"AMBA","Ambarella Inc","$66.21","Yes","1.92","$3B (Small)"
"AMCR","Amcor PLC","$50.09","Yes","0.63","$23B (Mid)"
"AMH","American Homes 4 Rent","$31.62","Yes","0.80","$12B (Mid)"
"AMKR","Amkor Technology Inc","$47.48","Yes","1.92","$12B (Mid)"
"AMRX","Amneal Pharmaceuticals Inc","$14.82","Yes","1.33","$5B (Small)"
"AMX","America Movil SAB de CV","$23.83","Yes","0.74","$72B (Large)"
"ANDE","Andersons Inc","$69.03","Yes","0.75","$2B (Small)"
"AOS","A O Smith Corp","$80.46","Yes","1.32","$11B (Mid)"
"APA","APA Corp (US)","$27.92","Yes","0.69","$10B (Mid)"
"APAM","Artisan Partners Asset Management Inc","$42.59","Yes","1.74","$3B (Small)"
"APG","APi Group Corp","$44.41","Yes","1.69","$19B (Mid)"
"APLD","Applied Digital Corp","$35.28","Yes","7.17","$10B (Mid)"
"APLE","Apple Hospitality REIT Inc","$12.27","Yes","0.81","$3B (Small)"
"APLS","Apellis Pharmaceuticals Inc","$21.70","Yes","0.25","$3B (Small)"
"APTV","Aptiv PLC","$85.20","Yes","1.47","$18B (Mid)"
"AR","Antero Resources Corp","$34.76","Yes","0.54","$11B (Mid)"
"ARCC","Ares Capital Corp","$19.37","Yes","0.62","$14B (Mid)"
"ARE","Alexandria Real Estate Equities Inc","$52.49","Yes","1.33","$9B (Mid)"
"ARLP","Alliance Resource Partners LP","$25.82","Yes","0.28","$3B (Small)"
"ARMK","Aramark","$38.98","Yes","1.07","$10B (Mid)"
"AROC","Archrock Inc","$32.66","Yes","0.89","$6B (Small)"
"ARQT","Arcutis Biotherapeutics Inc","$25.86","Yes","1.68","$3B (Small)"
"ARWR","Arrowhead Pharmaceuticals Inc","$63.82","Yes","1.24","$9B (Mid)"
"ASB","Associated Banc-Corp","$27.85","Yes","0.79","$5B (Small)"
"ASH","Ashland Inc","$60.93","Yes","0.42","$3B (Small)"
"ASO","Academy Sports and Outdoors Inc","$58.56","Yes","1.23","$4B (Small)"
"ASTS","AST SpaceMobile Inc","$82.51","Yes","2.78","$30B (Mid)"
"ASX","ASE Technology Holding Co Ltd","$23.40","Yes","1.43","$52B (Large)"
"ATHM","Autohome Inc","$21.00","Yes","0.10","$2B (Small)"
"ATKR","Atkore Inc","$66.66","Yes","1.54","$2B (Small)"
"ATRO","Astronics Corp","$76.94","Yes","1.07","$2B (Small)"
"AUB","Atlantic Union Bankshares Corp","$40.23","Yes","0.80","$6B (Small)"
"AUGO","Aura Minerals Inc","$72.36","Yes","0.32","$6B (Small)"
"AVA","Avista Corp","$43.08","Yes","0.25","$4B (Small)"
"AVNT","Avient Corp","$42.75","Yes","1.39","$4B (Small)"
"AVPT","AvePoint Inc","$10.56","Yes","1.13","$2B (Small)"
"AVT","Avnet Inc","$65.79","Yes","0.92","$5B (Small)"
"AVTR","Avantor Inc","$9.20","Yes","0.98","$6B (Small)"
"AWR","American States Water Co","$74.89","Yes","0.69","$3B (Small)"
"AXTA","Axalta Coating Systems Ltd","$34.13","Yes","1.28","$7B (Small)"
"B","Barrick Mining Corp","$47.91","Yes","0.43","$83B (Large)"
"BAC","Bank of America Corp","$52.55","Yes","1.27","$379B (Large)"
"BAH","Booz Allen Hamilton Holding Corp","$79.32","Yes","0.38","$10B (Mid)"
"BALL","Ball Corp","$67.29","Yes","1.09","$18B (Mid)"
"BANC","Banc of California Inc","$20.00","Yes","0.71","$3B (Small)"
"BANR","Banner Corp","$64.20","Yes","0.87","$2B (Small)"
"BAX","Baxter International Inc","$19.79","Yes","0.59","$10B (Mid)"
"BBAR","Banco BBVA Argentina SA","$16.18","Yes","1.13","$3B (Small)"
"BBIO","BridgeBio Pharma Inc","$75.25","Yes","1.10","$15B (Mid)"
"BBT","Beacon Financial Corp","$30.68","Yes","0.65","$3B (Small)"
"BBVA","Banco Bilbao Vizcaya Argentaria SA","$22.73","Yes","0.85","$128B (Large)"
"BBWI","Bath & Body Works Inc","$24.07","Yes","1.47","$5B (Small)"
"BBY","Best Buy Co Inc","$65.80","Yes","1.46","$14B (Mid)"
"BC","Brunswick Corp","$87.04","Yes","1.36","$6B (Small)"
"BCC","Boise Cascade Co","$86.50","Yes","1.24","$3B (Small)"
"BCE","BCE Inc","$25.71","Yes","0.64","$24B (Mid)"
"BCH","Banco de Chile","$43.52","Yes","0.19","$22B (Mid)"
"BCS","Barclays PLC","$25.31","Yes","0.95","$87B (Large)"
"BEAM","Beam Therapeutics Inc","$27.92","Yes","2.12","$3B (Small)"
"BEN","Franklin Resources Inc","$27.03","Yes","1.48","$14B (Mid)"
"BEPC","Brookfield Renewable Corp","$43.84","Yes","1.22","$8B (Mid)"
"BF/B","Brown-Forman Corp","$29.95","Yes","0.37","$9B (Mid)"
"BFAM","Bright Horizons Family Solutions Inc","$66.90","Yes","1.41","$4B (Small)"
"BFH","Bread Financial Holdings Inc","$72.37","Yes","1.20","$3B (Small)"
"BGC","Bgc Group Inc","$9.21","Yes","1.00","$4B (Small)"
"BHC","Bausch Health Companies Inc","$5.99","Yes","0.37","$2B (Small)"
"BHF","Brighthouse Financial Inc","$63.84","Yes","0.96","$4B (Small)"
"BHP","BHP Group Ltd","$73.38","Yes","0.78","$186B (Large)"
"BILI","Bilibili Inc","$30.60","Yes","0.74","$10B (Mid)"
"BILL","BILL Holdings Inc","$46.99","Yes","1.24","$5B (Small)"
"BIP","Brookfield Infrastructure Partners LP","$38.75","Yes","1.08","$25B (Mid)"
"BIPC","Brookfield Infrastructure Corp","$49.56","Yes","1.33","$7B (Small)"
"BKD","Brookdale Senior Living Inc","$16.51","Yes","0.66","$4B (Small)"
"BKE","Buckle Inc","$53.45","Yes","1.15","$3B (Small)"
"BKH","Black Hills Corp","$74.05","Yes","0.73","$6B (Small)"
"BKR","Baker Hughes Co","$61.20","Yes","0.84","$60B (Large)"
"BKU","BankUnited Inc","$48.73","Yes","1.28","$4B (Small)"
"BL","BlackLine Inc","$38.61","Yes","0.90","$2B (Small)"
"BLCO","Bausch + Lomb Corp","$17.03","Yes","0.60","$6B (Small)"
"BLKB","Blackbaud Inc","$49.08","Yes","1.12","$2B (Small)"
"BMA","Banco Macro SA","$86.59","Yes","1.54","$5B (Small)"
"BMNR","Bitmine Immersion Technologies Inc","$20.96","Yes","1.30","$10B (Mid)"
"BMRN","BioMarin Pharmaceutical Inc","$59.87","Yes","0.25","$12B (Mid)"
"BMY","Bristol-Myers Squibb Co","$60.74","Yes","0.27","$124B (Large)"
"BNL","Broadstone Net Lease Inc","$19.64","Yes","1.01","$4B (Small)"
"BNS","Bank of Nova Scotia","$75.70","Yes","1.08","$93B (Large)"
"BOH","Bank of Hawaii Corp","$78.20","Yes","0.72","$3B (Small)"
"BOX","Box Inc","$23.19","Yes","0.81","$3B (Small)"
"BP","BP PLC","$37.66","Yes","0.31","$99B (Large)"
"BRKR","Bruker Corp","$36.51","Yes","1.21","$6B (Small)"
"BRO","Brown & Brown Inc","$68.47","Yes","0.79","$23B (Mid)"
"BROS","Dutch Bros Inc","$53.20","Yes","2.56","$9B (Mid)"
"BRSL","Brightstar Lottery PLC","$13.45","Yes","1.06","$3B (Small)"
"BRX","Brixmor Property Group Inc","$29.29","Yes","1.05","$9B (Mid)"
"BSAC","Banco Santander Chile","$35.65","Yes","0.60","$17B (Mid)"
"BSBR","Banco Santander Brasil SA","$6.59","Yes","0.61","$25B (Mid)"
"BSM","Black Stone Minerals LP","$15.20","Yes","0.16","$3B (Small)"
"BSX","Boston Scientific Corp","$74.73","Yes","0.71","$111B (Large)"
"BSY","Bentley Systems Inc","$34.10","Yes","1.20","$10B (Mid)"
"BTI","British American Tobacco plc","$59.50","Yes","0.32","$129B (Large)"
"BTU","Peabody Energy Corp","$34.45","Yes","0.51","$4B (Small)"
"BUSE","First Busey Corp","$26.55","Yes","0.74","$2B (Small)"
"BVN","Compania de Minas Buenaventura SAA","$37.96","Yes","0.30","$10B (Mid)"
"BWA","Borgwarner Inc","$62.80","Yes","0.99","$13B (Mid)"
"BWIN","Baldwin Insurance Group Inc","$16.50","Yes","1.37","$2B (Small)"
"BXMT","Blackstone Mortgage Trust Inc","$19.54","Yes","1.07","$3B (Small)"
"BXP","BXP Inc","$61.49","Yes","1.03","$10B (Mid)"
"BXSL","Blackstone Secured Lending Fund","$24.62","Yes","0.45","$6B (Small)"
"BYD","Boyd Gaming Corp","$81.99","Yes","1.21","$6B (Small)"
"BZ","Kanzhun Ltd","$17.32","Yes","0.43","$8B (Mid)"
"CAAP","Corporacion America Airports SA","$27.96","Yes","0.78","$5B (Small)"
"CAE","CAE Inc","$30.22","Yes","1.10","$10B (Mid)"
"CAKE","Cheesecake Factory Inc","$58.67","Yes","0.98","$3B (Small)"
"CALM","Cal-Maine Foods Inc","$83.44","Yes","0.25","$4B (Small)"
"CALX","Calix Inc","$53.32","Yes","1.48","$4B (Small)"
"CALY","Callaway Golf Co","$12.59","Yes","0.95","$2B (Small)"
"CARG","CarGurus Inc","$27.34","Yes","1.38","$3B (Small)"
"CARR","Carrier Global Corp","$65.40","Yes","1.31","$55B (Large)"
"CATY","Cathay General Bancorp","$53.33","Yes","0.84","$4B (Small)"
"CBSH","Commerce Bancshares Inc","$53.60","Yes","0.59","$8B (Mid)"
"CBT","Cabot Corp","$76.19","Yes","0.85","$4B (Small)"
"CBU","Community Financial System Inc","$66.34","Yes","0.79","$3B (Small)"
"CC","Chemours Co","$20.52","Yes","1.55","$3B (Small)"
"CCL","Carnival Corp","$31.77","Yes","2.41","$39B (Mid)"
"CCS","Century Communities Inc","$74.84","Yes","1.51","$2B (Small)"
"CCU","Compania Cervecerias Unidas SA","$14.54","Yes","0.51","$3B (Small)"
"CDE","Coeur Mining Inc","$22.42","Yes","1.22","$14B (Mid)"
"CDP","COPT Defense Properties","$31.54","Yes","0.87","$4B (Small)"
"CE","Celanese Corp","$58.85","Yes","1.01","$6B (Small)"
"CECO","CECO Environmental Corp","$79.14","Yes","1.36","$3B (Small)"
"CELH","Celsius Holdings Inc","$44.39","Yes","0.92","$11B (Mid)"
"CENX","Century Aluminum Co","$46.04","Yes","2.17","$4B (Small)"
"CEPU","Central Puerto SA","$15.55","Yes","1.14","$2B (Small)"
"CFG","Citizens Financial Group Inc","$65.10","Yes","1.06","$28B (Mid)"
"CFLT","Confluent Inc","$30.56","Yes","0.95","$11B (Mid)"
"CG","Carlyle Group Inc","$54.49","Yes","2.05","$20B (Mid)"
"CGNX","Cognex Corp","$58.79","Yes","1.40","$10B (Mid)"
"CHDN","Churchill Downs Inc","$89.24","Yes","0.65","$6B (Small)"
"CHEF","Chefs' Warehouse Inc","$68.44","Yes","1.26","$3B (Small)"
"CHT","Chunghwa Telecom Co Ltd","$42.72","Yes","0.30","$33B (Mid)"
"CHWY","Chewy Inc","$24.23","Yes","1.62","$10B (Mid)"
"CIB","Grupo Cibest SA","$77.00","Yes","0.90","$9B (Mid)"
"CIFR","Cipher Mining Inc","$16.42","Yes","2.96","$6B (Small)"
"CLBT","Cellebrite DI Ltd","$14.64","Yes","1.29","$4B (Small)"
"CLF","Cleveland-Cliffs Inc","$10.38","Yes","2.00","$6B (Small)"
"CLMT","Calumet Inc","$28.61","Yes","1.18","$2B (Small)"
"CLSK","CleanSpark Inc","$9.31","Yes","3.53","$2B (Small)"
"CMC","Commercial Metals Co","$79.64","Yes","1.44","$9B (Mid)"
"CMCSA","Comcast Corp","$31.57","Yes","0.77","$114B (Large)"
"CMG","Chipotle Mexican Grill Inc","$36.30","Yes","1.01","$47B (Large)"
"CMS","CMS Energy Corp","$76.74","Yes","0.47","$24B (Mid)"
"CNA","CNA Financial Corp","$48.69","Yes","0.34","$13B (Mid)"
"CNC","Centene Corp","$40.58","Yes","0.51","$20B (Mid)"
"CNH","CNH Industrial NV","$12.75","Yes","1.23","$16B (Mid)"
"CNK","Cinemark Holdings Inc","$24.88","Yes","1.10","$3B (Small)"
"CNM","Core & Main Inc","$58.18","Yes","0.96","$11B (Mid)"
"CNO","CNO Financial Group Inc","$43.06","Yes","0.84","$4B (Small)"
"CNP","CenterPoint Energy Inc","$42.52","Yes","0.58","$28B (Mid)"
"CNQ","Canadian Natural Resources Ltd","$40.68","Yes","0.66","$85B (Large)"
"CNS","Cohen & Steers Inc","$66.66","Yes","1.25","$3B (Small)"
"CNTA","Centessa Pharmaceuticals PLC","$24.71","Yes","1.57","$4B (Small)"
"CNX","CNX Resources Corp","$40.60","Yes","0.67","$6B (Small)"
"COCO","Vita Coco Company Inc","$56.58","Yes","0.36","$3B (Small)"
"COGT","Cogent Biosciences Inc","$36.53","Yes","0.48","$6B (Small)"
"COLB","Columbia Banking System Inc","$31.49","Yes","0.55","$9B (Mid)"
"COLD","Americold Realty Trust Inc","$12.36","Yes","0.91","$4B (Small)"
"COLM","Columbia Sportswear Co","$63.29","Yes","0.84","$3B (Small)"
"COMP","Compass Inc","$10.41","Yes","2.57","$8B (Small)"
"COO","Cooper Companies Inc","$82.99","Yes","1.02","$16B (Mid)"
"CORT","Corcept Therapeutics Inc","$38.34","Yes","0.28","$4B (Small)"
"CPNG","Coupang Inc","$16.98","Yes","1.22","$31B (Mid)"
"CPRI","Capri Holdings Ltd","$20.42","Yes","1.45","$2B (Small)"
"CPRT","Copart Inc","$37.49","Yes","1.10","$36B (Mid)"
"CPRX","Catalyst Pharmaceuticals Inc","$23.60","Yes","0.74","$3B (Small)"
"CQP","Cheniere Energy Partners LP","$59.64","Yes","0.41","$29B (Mid)"
"CRBG","Corebridge Financial Inc","$31.07","Yes","1.06","$15B (Mid)"
"CRC","California Resources Corp","$56.92","Yes","1.12","$5B (Small)"
"CRGY","Crescent Energy Co","$10.23","Yes","1.20","$3B (Small)"
"CRK","Comstock Resources Inc","$19.02","Yes","0.42","$6B (Small)"
"CRNX","Crinetics Pharmaceuticals Inc","$42.70","Yes","0.23","$4B (Small)"
"CRSP","CRISPR Therapeutics AG","$53.07","Yes","1.75","$5B (Small)"
"CRVL","CorVel Corp","$49.20","Yes","1.13","$3B (Small)"
"CSCO","Cisco Systems Inc","$76.85","Yes","0.87","$304B (Large)"
"CSGP","CoStar Group Inc","$44.99","Yes","0.91","$19B (Mid)"
"CSGS","Csg Systems International Inc","$79.66","Yes","0.88","$2B (Small)"
"CSTM","Constellium SE","$23.29","Yes","1.48","$3B (Small)"
"CSX","CSX Corp","$40.87","Yes","1.27","$76B (Large)"
"CTRA","Coterra Energy Inc","$31.37","Yes","0.36","$24B (Mid)"
"CTRE","CareTrust REIT Inc","$40.01","Yes","0.76","$9B (Mid)"
"CTSH","Cognizant Technology Solutions Corp","$66.55","Yes","1.00","$32B (Mid)"
"CTVA","Corteva Inc","$75.03","Yes","0.73","$50B (Large)"
"CUBE","CubeSmart","$38.93","Yes","1.11","$9B (Mid)"
"CUBI","Customers Bancorp Inc","$72.73","Yes","1.66","$2B (Small)"
"CUK","Carnival PLC","$31.56","Yes","2.45","$5B (Small)"
"CUZ","Cousins Properties Inc","$22.46","Yes","1.22","$4B (Small)"
"CVBF","CVB Financial Corp","$20.55","Yes","0.67","$3B (Small)"
"CVE","Cenovus Energy Inc","$21.96","Yes","0.44","$41B (Mid)"
"CVI","CVR Energy Inc","$23.17","Yes","1.12","$2B (Small)"
"CVLT","Commvault Systems Inc","$87.63","Yes","0.58","$4B (Small)"
"CVS","CVS Health Corp","$78.48","Yes","0.49","$100B (Large)"
"CWAN","Clearwater Analytics Holdings Inc","$23.15","Yes","0.66","$7B (Small)"
"CWEN/A","Clearway Energy Inc","$38.18","Yes","0.97","$3B (Small)"
"CWK","Cushman & Wakefield Ltd","$12.89","Yes","1.52","$3B (Small)"
"CWT","California Water Service Group","$46.56","Yes","0.63","$3B (Small)"
"CX","Cemex SAB de CV","$12.57","Yes","1.60","$18B (Mid)"
"CXT","Crane NXT Co","$52.76","Yes","1.16","$3B (Small)"
"CYTK","Cytokinetics Inc","$66.26","Yes","0.55","$8B (Mid)"
"CZR","Caesars Entertainment Inc","$18.14","Yes","1.99","$4B (Small)"
"D","Dominion Energy Inc","$66.51","Yes","0.68","$57B (Large)"
"DAL","Delta Air Lines Inc","$69.00","Yes","1.32","$45B (Large)"
"DAN","Dana Inc","$33.39","Yes","2.06","$4B (Small)"
"DAR","Darling Ingredients Inc","$50.96","Yes","1.25","$8B (Mid)"
"DB","Deutsche Bank AG","$35.28","Yes","0.94","$67B (Large)"
"DBRG","DigitalBridge Group Inc","$15.41","Yes","1.67","$3B (Small)"
"DBX","Dropbox Inc","$24.53","Yes","0.64","$6B (Small)"
"DD","Dupont De Nemours Inc","$50.22","Yes","1.07","$21B (Mid)"
"DINO","HF Sinclair Corp","$58.53","Yes","0.78","$11B (Mid)"
"DIOD","Diodes Inc","$71.07","Yes","1.59","$3B (Small)"
"DJT","Trump Media & Technology Group Corp","$10.98","Yes","4.65","$3B (Small)"
"DKL","Delek Logistics Partners LP","$54.93","Yes","0.48","$3B (Small)"
"DKNG","Draftkings Inc","$21.76","Yes","1.66","$11B (Mid)"
"DLB","Dolby Laboratories Inc","$66.02","Yes","0.83","$6B (Small)"
"DLO","Dlocal Ltd","$11.97","Yes","1.14","$4B (Small)"
"DNLI","Denali Therapeutics Inc","$18.77","Yes","1.04","$3B (Small)"
"DNOW","DNOW Inc","$16.43","Yes","0.74","$3B (Small)"
"DOC","Healthpeak Properties Inc","$16.70","Yes","1.11","$12B (Mid)"
"DOCN","DigitalOcean Holdings Inc","$68.16","Yes","1.72","$6B (Small)"
"DOCS","Doximity Inc","$25.02","Yes","1.46","$5B (Small)"
"DOCU","DocuSign Inc","$44.82","Yes","1.04","$9B (Mid)"
"DOW","Dow Inc","$32.49","Yes","0.70","$23B (Mid)"
"DOX","Amdocs Ltd","$69.23","Yes","0.44","$7B (Small)"
"DRD","DRDGOLD Ltd","$35.65","Yes","0.44","$3B (Small)"
"DRS","Leonardo DRS Inc","$38.13","Yes","0.44","$10B (Mid)"
"DRVN","Driven Brands Holdings Inc","$16.84","Yes","1.04","$3B (Small)"
"DSGX","Descartes Systems Group Inc","$65.74","Yes","0.78","$6B (Small)"
"DT","Dynatrace Inc","$37.20","Yes","0.82","$11B (Mid)"
"DVN","Devon Energy Corp","$44.66","Yes","0.60","$28B (Mid)"
"DX","Dynex Capital Inc","$14.05","Yes","0.95","$3B (Small)"
"DXC","DXC Technology Co","$13.39","Yes","1.10","$2B (Small)"
"DXCM","Dexcom Inc","$70.02","Yes","1.51","$27B (Mid)"
"DYN","Dyne Therapeutics Inc","$15.54","Yes","1.34","$3B (Small)"
"E","Eni SpA","$43.45","Yes","0.60","$64B (Large)"
"EBAY","eBay Inc","$82.38","Yes","1.41","$37B (Mid)"
"EBC","Eastern Bankshares Inc","$21.61","Yes","0.80","$5B (Small)"
"EC","Ecopetrol SA","$11.90","Yes","0.79","$24B (Mid)"
"EDU","New Oriental Education & Technology Group Inc","$58.70","Yes","0.26","$10B (Mid)"
"EE","Excelerate Energy Inc","$41.84","Yes","1.33","$5B (Small)"
"EEFT","Euronet Worldwide Inc","$67.96","Yes","0.80","$3B (Small)"
"EFSC","Enterprise Financial Services Corp","$60.79","Yes","0.82","$2B (Small)"
"EGO","Eldorado Gold Corp","$47.37","Yes","0.51","$10B (Mid)"
"EIX","Edison International","$71.46","Yes","0.80","$27B (Mid)"
"ELAN","Elanco Animal Health Inc","$25.13","Yes","1.84","$12B (Mid)"
"ELF","elf Beauty Inc","$81.50","Yes","1.71","$5B (Small)"
"ELS","Equity LifeStyle Properties Inc","$67.82","Yes","0.75","$13B (Mid)"
"EMBJ","Embraer SA","$71.04","Yes","1.56","$13B (Mid)"
"EMN","Eastman Chemical Co","$80.08","Yes","1.19","$9B (Mid)"
"ENB","Enbridge Inc","$53.88","Yes","0.66","$118B (Large)"
"ENPH","Enphase Energy Inc","$43.49","Yes","1.32","$6B (Small)"
"EOSE","Eos Energy Enterprises Inc","$10.79","Yes","2.22","$3B (Small)"
"EPAC","Enerpac Tool Group Corp","$43.02","Yes","0.95","$2B (Small)"
"EPD","Enterprise Products Partners LP","$37.21","Yes","0.57","$80B (Large)"
"EPR","EPR Properties","$58.49","Yes","0.96","$4B (Small)"
"EPRT","Essential Properties Realty Trust Inc","$32.09","Yes","0.98","$7B (Small)"
"EQH","Equitable Holdings Inc","$44.39","Yes","1.10","$13B (Mid)"
"EQNR","Equinor ASA","$28.10","Yes","0.31","$71B (Large)"
"EQR","Equity Residential","$63.86","Yes","0.75","$24B (Mid)"
"EQT","EQT Corp","$58.70","Yes","0.73","$37B (Mid)"
"EQX","Equinox Gold Corp","$15.80","Yes","1.25","$12B (Mid)"
"ERAS","Erasca Inc","$12.00","Yes","1.18","$4B (Small)"
"ERIC","Telefonaktiebolaget LM Ericsson","$11.07","Yes","0.96","$34B (Mid)"
"ES","Eversource Energy","$73.36","Yes","0.78","$28B (Mid)"
"ESI","Element Solutions Inc","$32.36","Yes","1.25","$8B (Mid)"
"ESNT","Essent Group Ltd","$61.42","Yes","0.89","$6B (Small)"
"ESTA","Establishment Labs Holdings Inc","$73.54","Yes","0.92","$2B (Small)"
"ESTC","Elastic NV","$61.57","Yes","0.97","$6B (Small)"
"ET","Energy Transfer LP","$18.75","Yes","0.64","$64B (Large)"
"ETSY","ETSY Inc","$45.73","Yes","1.78","$5B (Small)"
"EVRG","Evergy Inc","$82.69","Yes","0.63","$19B (Mid)"
"EW","Edwards Lifesciences Corp","$75.87","Yes","0.95","$44B (Large)"
"EWTX","Edgewise Therapeutics Inc","$30.01","Yes","0.26","$3B (Small)"
"EXC","Exelon Corp","$48.48","Yes","0.44","$50B (Large)"
"EXEL","Exelixis Inc","$43.92","Yes","0.42","$11B (Mid)"
"EXK","Endeavour Silver Corp","$11.75","Yes","1.22","$3B (Small)"
"EXLS","Exlservice Holdings Inc","$30.04","Yes","0.93","$5B (Small)"
"EXPO","Exponent Inc","$66.79","Yes","0.79","$3B (Small)"
"EYE","National Vision Holdings Inc","$28.22","Yes","1.39","$2B (Small)"
"F","Ford Motor Co","$14.12","Yes","1.65","$56B (Large)"
"FAF","First American Financial Corp","$67.22","Yes","1.27","$7B (Small)"
"FAST","Fastenal Co","$46.41","Yes","0.87","$53B (Large)"
"FBIN","Fortune Brands Innovations Inc","$51.32","Yes","1.37","$6B (Small)"
"FBK","FB Financial Corp","$59.00","Yes","0.97","$3B (Small)"
"FBNC","First Bancorp (North Carolina)","$60.93","Yes","0.87","$3B (Small)"
"FBP","First BanCorp","$22.43","Yes","0.85","$4B (Small)"
"FCPT","Four Corners Property Trust Inc","$24.37","Yes","0.83","$3B (Small)"
"FCX","Freeport-McMoRan Inc","$62.84","Yes","1.42","$90B (Large)"
"FE","FirstEnergy Corp","$50.10","Yes","0.61","$29B (Mid)"
"FFBC","First Financial Bancorp","$30.31","Yes","0.97","$3B (Small)"
"FFIN","First Financial Bankshares Inc","$33.48","Yes","0.84","$5B (Small)"
"FHB","First Hawaiian Inc","$26.30","Yes","0.69","$3B (Small)"
"FHI","Federated Hermes Inc","$55.44","Yes","0.73","$4B (Small)"
"FHN","First Horizon Corp","$24.56","Yes","0.62","$12B (Mid)"
"FIBK","First Interstate Bancsystem Inc","$37.66","Yes","0.74","$4B (Small)"
"FIS","Fidelity National Information Services Inc","$46.80","Yes","0.93","$24B (Mid)"
"FISV","Fiserv Inc","$59.36","Yes","0.78","$32B (Mid)"
"FITB","Fifth Third Bancorp","$52.86","Yes","0.96","$48B (Large)"
"FIZZ","National Beverage Corp","$36.35","Yes","0.75","$3B (Small)"
"FLEX","Flex Ltd","$64.24","Yes","1.24","$24B (Mid)"
"FLG","Flagstar Bank NA","$14.18","Yes","1.06","$6B (Small)"
"FLNC","Fluence Energy Inc","$18.46","Yes","3.00","$3B (Small)"
"FLO","Flowers Foods Inc","$10.36","Yes","0.32","$2B (Small)"
"FLR","Fluor Corp","$45.48","Yes","1.38","$7B (Small)"
"FLS","Flowserve Corp","$89.69","Yes","1.27","$11B (Mid)"
"FNB","FNB Corp","$18.07","Yes","0.91","$6B (Small)"
"FND","Floor & Decor Holdings Inc","$70.20","Yes","1.72","$8B (Small)"
"FNF","Fidelity National Financial Inc","$56.74","Yes","0.99","$15B (Mid)"
"FOLD","Amicus Therapeutics Inc","$14.31","Yes","0.43","$4B (Small)"
"FOUR","Shift4 Payments Inc","$55.01","Yes","1.62","$5B (Small)"
"FOXA","Fox Corp","$56.35","Yes","0.56","$11B (Mid)"
"FR","First Industrial Realty Trust Inc","$58.92","Yes","1.14","$8B (Mid)"
"FRME","First Merchants Corp","$42.05","Yes","0.91","$3B (Small)"
"FRO","Frontline Plc","$30.92","Yes","0.05","$7B (Small)"
"FROG","Jfrog Ltd","$51.68","Yes","1.16","$6B (Small)"
"FRPT","Freshpet Inc","$67.72","Yes","1.70","$3B (Small)"
"FSK","FS KKR Capital Corp","$13.32","Yes","0.87","$4B (Small)"
"FSLY","Fastly Inc","$18.26","Yes","0.90","$3B (Small)"
"FTDR","Frontdoor Inc","$56.64","Yes","1.35","$4B (Small)"
"FTI","TechnipFMC PLC","$61.36","Yes","0.71","$25B (Mid)"
"FTNT","Fortinet Inc","$85.56","Yes","1.04","$64B (Large)"
"FTV","Fortive Corp","$56.90","Yes","1.10","$18B (Mid)"
"FUL","H.B. Fuller Company","$67.49","Yes","1.06","$4B (Small)"
"FULT","Fulton Financial Corp","$22.03","Yes","0.86","$4B (Small)"
"G","Genpact Ltd","$37.36","Yes","0.77","$6B (Small)"
"GAP","Gap Inc","$27.67","Yes","2.27","$10B (Mid)"
"GBCI","Glacier Bancorp Inc","$51.29","Yes","0.73","$7B (Small)"
"GBDC","Golub Capital BDC Inc","$12.63","Yes","0.45","$3B (Small)"
"GBTG","Global Business Travel Group Inc","$5.04","Yes","0.78","$3B (Small)"
"GCMG","GCM Grosvenor Inc","$12.04","Yes","0.81","$2B (Small)"
"GDDY","GoDaddy Inc","$89.12","Yes","0.96","$12B (Mid)"
"GDS","GDS Holdings Ltd","$46.12","Yes","0.36","$9B (Mid)"
"GEL","Genesis Energy LP","$17.54","Yes","0.79","$2B (Small)"
"GEN","Gen Digital Inc","$23.72","Yes","1.10","$14B (Mid)"
"GFI","Gold Fields Ltd","$54.60","Yes","0.71","$49B (Large)"
"GFS","GlobalFoundries Inc","$48.99","Yes","1.45","$27B (Mid)"
"GGAL","Grupo Financiero Galicia SA","$45.44","Yes","1.51","$6B (Small)"
"GIB","CGI Inc","$74.53","Yes","0.63","$16B (Mid)"
"GIL","Gildan Activewear Inc","$72.58","Yes","1.02","$13B (Mid)"
"GLBE","Global-E Online Ltd","$31.66","Yes","1.26","$5B (Small)"
"GLNG","Golar LNG Ltd","$43.44","Yes","0.17","$4B (Small)"
"GLOB","Globant SA","$49.40","Yes","1.22","$2B (Small)"
"GLPG","Galapagos NV","$33.92","Yes","0.26","$2B (Small)"
"GLPI","Gaming and Leisure Properties Inc","$46.40","Yes","0.67","$13B (Mid)"
"GLXY","Galaxy Digital Inc","$21.66","Yes","3.81","$8B (Mid)"
"GM","General Motors Co","$81.08","Yes","1.37","$73B (Large)"
"GMAB","Genmab A/S","$30.03","Yes","0.94","$18B (Mid)"
"GME","GameStop Corp","$23.57","Yes","2.11","$11B (Mid)"
"GMED","Globus Medical Inc","$88.09","Yes","1.07","$12B (Mid)"
"GNL","Global Net Lease Inc","$9.85","Yes","1.07","$2B (Small)"
"GNTX","Gentex Corp","$24.89","Yes","0.74","$5B (Small)"
"GNW","Genworth Financial Inc","$8.92","Yes","0.99","$4B (Small)"
"GPGI","GPGI Inc","$24.63","Yes","0.99","$7B (Small)"
"GPK","Graphic Packaging Holding Co","$12.42","Yes","0.66","$4B (Small)"
"GPN","Global Payments Inc","$68.48","Yes","0.75","$19B (Mid)"
"GRBK","Green Brick Partners Inc","$80.59","Yes","1.97","$4B (Small)"
"GRFS","Grifols SA","$9.32","Yes","0.66","$2B (Small)"
"GSAT","Globalstar Inc","$60.06","Yes","1.44","$8B (Mid)"
"GSK","GSK plc","$58.93","Yes","0.46","$120B (Large)"
"GT","Goodyear Tire & Rubber Co","$9.44","Yes","1.10","$3B (Small)"
"GTES","Gates Industrial Corporation PLC","$27.97","Yes","1.22","$7B (Small)"
"GTLB","GitLab Inc","$29.55","Yes","0.78","$5B (Small)"
"GTX","Garrett Motion Inc","$21.25","Yes","0.29","$4B (Small)"
"GXO","GXO Logistics Inc","$65.51","Yes","1.68","$8B (Small)"
"HAE","Haemonetics Corp","$57.76","Yes","0.30","$3B (Small)"
"HAL","Halliburton Co","$33.96","Yes","0.74","$28B (Mid)"
"HALO","Halozyme Therapeutics Inc","$79.44","Yes","0.96","$9B (Mid)"
"HASI","HA Sustainable Infrastructure Capital Inc","$39.70","Yes","1.45","$5B (Small)"
"HAYW","Hayward Holdings Inc","$16.71","Yes","1.12","$4B (Small)"
"HBAN","Huntington Bancshares Inc","$17.26","Yes","0.96","$35B (Mid)"
"HCC","Warrior Met Coal Inc","$86.28","Yes","0.69","$5B (Small)"
"HCM","HUTCHMED (China) Ltd","$14.76","Yes","0.44","$3B (Small)"
"HDB","HDFC Bank Ltd","$32.52","Yes","0.54","$167B (Large)"
"HE","Hawaiian Electric Industries Inc","$16.82","Yes","0.63","$3B (Small)"
"HESM","Hess Midstream LP","$36.68","Yes","0.59","$8B (Mid)"
"HGTY","Hagerty Inc","$12.06","Yes","0.90","$4B (Small)"
"HGV","Hilton Grand Vacations Inc","$46.22","Yes","1.43","$4B (Small)"
"HHH","Howard Hughes Holdings Inc","$82.15","Yes","1.23","$5B (Small)"
"HIMS","Hims & Hers Health Inc","$16.30","Yes","2.56","$4B (Small)"
"HIW","Highwoods Properties Inc","$23.12","Yes","1.10","$3B (Small)"
"HL","Hecla Mining Co","$22.60","Yes","1.26","$15B (Mid)"
"HLIO","Helios Technologies Inc","$75.65","Yes","1.25","$3B (Small)"
"HLN","Haleon PLC","$11.20","Yes","0.17","$50B (Large)"
"HMC","Honda Motor Co Ltd","$31.78","Yes","0.38","$41B (Mid)"
"HMY","Harmony Gold Mining Company Ltd","$20.99","Yes","0.98","$13B (Mid)"
"HNI","HNI Corp","$50.03","Yes","0.90","$2B (Small)"
"HOG","Harley-Davidson Inc","$20.42","Yes","1.41","$2B (Small)"
"HOLX","Hologic Inc","$75.04","Yes","0.73","$17B (Mid)"
"HOMB","Home BancShares Inc","$29.35","Yes","0.76","$6B (Small)"
"HOOD","Robinhood Markets Inc","$75.97","Yes","2.50","$68B (Large)"
"HP","Helmerich and Payne Inc","$33.20","Yes","0.55","$3B (Small)"
"HPE","Hewlett Packard Enterprise Co","$22.69","Yes","1.31","$30B (Mid)"
"HPQ","HP Inc","$19.26","Yes","1.20","$18B (Mid)"
"HQY","Healthequity Inc","$73.88","Yes","0.28","$6B (Small)"
"HR","Healthcare Realty Trust Inc","$17.96","Yes","0.93","$6B (Small)"
"HRB","H & R Block Inc","$31.05","Yes","0.41","$4B (Small)"
"HRL","Hormel Foods Corp","$23.78","Yes","0.34","$13B (Mid)"
"HSBC","HSBC Holdings PLC","$85.15","Yes","0.49","$292B (Large)"
"HSIC","Henry Schein Inc","$78.19","Yes","0.88","$9B (Mid)"
"HST","Host Hotels & Resorts Inc","$19.89","Yes","1.14","$14B (Mid)"
"HTGC","Hercules Capital Inc","$15.58","Yes","0.80","$3B (Small)"
"HTH","Hilltop Holdings Inc","$39.27","Yes","0.91","$2B (Small)"
"HTHT","H World Group Ltd","$52.53","Yes","0.09","$16B (Mid)"
"HUBG","Hub Group Inc","$39.66","Yes","1.16","$2B (Small)"
"HUN","Huntsman Corp","$13.21","Yes","0.64","$2B (Small)"
"HUT","Hut 8 Corp","$53.87","Yes","4.19","$6B (Small)"
"HWC","Hancock Whitney Corp","$71.16","Yes","1.05","$6B (Small)"
"HXL","Hexcel Corp","$89.79","Yes","1.01","$7B (Small)"
"HYMC","Hycroft Mining Holding Corporation","$35.55","Yes","2.68","$3B (Small)"
"IAC","IAC Inc","$34.31","Yes","1.11","$3B (Small)"
"IAG","IAMGOLD Corp","$21.63","Yes","1.37","$13B (Mid)"
"IBKR","Interactive Brokers Group Inc","$74.75","Yes","1.23","$127B (Large)"
"IBN","ICICI Bank Ltd","$30.62","Yes","0.37","$110B (Large)"
"IBOC","International Bancshares Corp","$72.07","Yes","0.73","$4B (Small)"
"IDYA","IDEAYA Biosciences Inc","$30.27","Yes","0.10","$3B (Small)"
"IE","Ivanhoe Electric Inc","$15.79","Yes","1.01","$2B (Small)"
"IEP","Icahn Enterprises LP","$8.06","Yes","0.72","$5B (Small)"
"IFF","International Flavors & Fragrances Inc","$83.00","Yes","1.00","$21B (Mid)"
"IHS","IHS Holding Ltd","$8.29","Yes","0.84","$3B (Small)"
"IMNM","Immunome Inc","$22.44","Yes","2.12","$2B (Small)"
"IMVT","Immunovant Inc","$25.75","Yes","0.63","$5B (Small)"
"INDB","Independent Bank Corp (Massachusetts)","$83.68","Yes","0.80","$4B (Small)"
"INDV","Indivior Pharmaceuticals Inc","$34.58","Yes","1.15","$4B (Small)"
"INFY","Infosys Ltd","$14.72","Yes","1.00","$60B (Large)"
"ING","ING Groep NV","$28.30","Yes","0.83","$82B (Large)"
"INTC","Intel Corp","$46.79","Yes","1.37","$234B (Large)"
"INTR","Inter & Co Inc","$8.73","Yes","1.19","$4B (Small)"
"INVH","Invitation Homes Inc","$26.99","Yes","0.83","$17B (Mid)"
"IONQ","IONQ Inc","$34.11","Yes","2.65","$12B (Mid)"
"IONS","Ionis Pharmaceuticals Inc","$80.60","Yes","0.32","$13B (Mid)"
"IOSP","Innospec Inc","$86.58","Yes","0.87","$2B (Small)"
"IOT","Samsara Inc","$27.32","Yes","1.61","$16B (Mid)"
"IP","International Paper Co","$49.10","Yes","1.04","$26B (Mid)"
"IRDM","Iridium Communications Inc","$23.17","Yes","0.61","$2B (Small)"
"IREN","IREN Ltd","$42.22","Yes","4.33","$14B (Mid)"
"IRT","Independence Realty Trust Inc","$16.35","Yes","1.01","$4B (Small)"
"ITGR","Integer Holdings Corp","$85.92","Yes","0.74","$3B (Small)"
"ITRI","Itron Inc","$89.36","Yes","1.43","$4B (Small)"
"ITUB","Itau Unibanco Holding SA","$9.16","Yes","0.62","$50B (Large)"
"IVZ","Invesco Ltd","$26.52","Yes","1.66","$12B (Mid)"
"JBLU","JetBlue Airways Corp","$5.91","Yes","1.70","$2B (Small)"
"JD","JD.com Inc","$27.14","Yes","0.42","$43B (Large)"
"JEF","Jefferies Financial Group Inc","$53.72","Yes","1.49","$11B (Mid)"
"JHG","Janus Henderson Group PLC","$49.05","Yes","1.53","$8B (Small)"
"JHX","James Hardie Industries PLC","$25.88","Yes","1.77","$15B (Mid)"
"JKS","JinkoSolar Holding Co Ltd","$26.56","Yes","0.49","$3B (Small)"
"JOBY","Joby Aviation Inc","$9.90","Yes","2.59","$10B (Mid)"
"JOE","St Joe Co","$70.18","Yes","1.31","$4B (Small)"
"JOYY","JOYY Inc","$61.18","Yes","0.39","$3B (Small)"
"KBH","KB Home","$66.36","Yes","1.46","$4B (Small)"
"KBR","KBR Inc","$41.30","Yes","0.52","$5B (Small)"
"KC","Kingsoft Cloud Holdings Ltd","$14.48","Yes","2.01","$4B (Small)"
"KD","Kyndryl Holdings Inc","$12.24","Yes","2.04","$3B (Small)"
"KDP","Keurig Dr Pepper Inc","$29.69","Yes","0.33","$40B (Mid)"
"KEN","Kenon Holdings Ltd","$79.23","Yes","1.20","$4B (Small)"
"KEP","Korea Electric Power Corp","$21.52","Yes","0.86","$28B (Mid)"
"KEY","KeyCorp","$21.70","Yes","1.06","$24B (Mid)"
"KFY","Korn Ferry","$61.23","Yes","1.33","$3B (Small)"
"KGC","Kinross Gold Corp","$34.40","Yes","0.76","$42B (Large)"
"KHC","Kraft Heinz Co","$24.80","Yes","0.04","$29B (Mid)"
"KIM","Kimco Realty Corp","$22.71","Yes","1.06","$15B (Mid)"
"KLIC","Kulicke and Soffa Industries Inc","$71.62","Yes","1.56","$4B (Small)"
"KMI","Kinder Morgan Inc","$32.32","Yes","0.68","$72B (Large)"
"KMT","Kennametal Inc","$39.59","Yes","1.46","$3B (Small)"
"KMX","Carmax Inc","$41.43","Yes","1.36","$6B (Small)"
"KN","Knowles Corp","$27.29","Yes","1.48","$2B (Small)"
"KNSA","Kiniksa Pharmaceuticals International PLC","$45.37","Yes","0.05","$3B (Small)"
"KNTK","Kinetik Holdings Inc","$41.54","Yes","0.73","$7B (Small)"
"KNX","Knight-Swift Transportation Holdings Inc","$59.55","Yes","1.12","$10B (Mid)"
"KO","Coca-Cola Co","$78.68","Yes","0.35","$338B (Large)"
"KR","Kroger Co","$71.25","Yes","0.60","$45B (Large)"
"KRC","Kilroy Realty Corp","$31.75","Yes","1.12","$4B (Small)"
"KRG","Kite Realty Group Trust","$25.03","Yes","0.87","$5B (Small)"
"KSPI","Kaspi.kz AO","$73.30","Yes","0.02","$14B (Mid)"
"KSS","Kohls Corp","$19.85","Yes","1.41","$2B (Small)"
"KT","KT Corp","$23.56","Yes","0.61","$11B (Mid)"
"KTB","Kontoor Brands Inc","$67.46","Yes","1.16","$4B (Small)"
"KTOS","Kratos Defense and Security Solutions Inc","$89.06","Yes","1.13","$15B (Mid)"
"KYMR","Kymera Therapeutics Inc","$82.34","Yes","2.24","$7B (Small)"
"LASR","nLIGHT Inc","$52.28","Yes","2.27","$3B (Small)"
"LAUR","Laureate Education Inc","$34.77","Yes","0.58","$5B (Small)"
"LAZ","Lazard Inc","$52.31","Yes","1.38","$5B (Small)"
"LBRT","Liberty Energy Inc","$25.90","Yes","0.51","$4B (Small)"
"LCID","Lucid Group Inc","$10.28","Yes","1.12","$3B (Small)"
"LEGN","Legend Biotech Corp","$17.58","Yes","0.08","$3B (Small)"
"LEVI","Levi Strauss & Co","$21.91","Yes","1.28","$9B (Mid)"
"LFST","LifeStance Health Group Inc","$7.03","Yes","1.12","$3B (Small)"
"LI","Li Auto Inc","$18.46","Yes","0.57","$20B (Mid)"
"LIVN","LivaNova PLC","$65.80","Yes","0.94","$4B (Small)"
"LKQ","LKQ Corp","$34.10","Yes","0.87","$9B (Mid)"
"LMND","Lemonade Inc","$63.76","Yes","2.11","$5B (Small)"
"LNC","Lincoln National Corp","$40.88","Yes","1.27","$8B (Mid)"
"LNT","Alliant Energy Corp","$71.19","Yes","0.65","$18B (Mid)"
"LOGI","Logitech International SA","$89.41","Yes","1.10","$13B (Mid)"
"LQDA","Liquidia Corp","$39.04","Yes","0.50","$3B (Small)"
"LRN","Stride Inc","$84.89","Yes","0.12","$4B (Small)"
"LTH","Life Time Group Holdings Inc","$29.06","Yes","1.67","$6B (Small)"
"LTM","LATAM Airlines Group SA","$59.71","Yes","3.91","$17B (Mid)"
"LUMN","Lumen Technologies Inc","$8.39","Yes","1.56","$9B (Mid)"
"LUNR","Intuitive Machines Inc","$16.13","Yes","1.42","$3B (Small)"
"LUV","Southwest Airlines Co","$51.11","Yes","1.08","$25B (Mid)"
"LVS","Las Vegas Sands Corp","$57.15","Yes","0.86","$38B (Mid)"
"LW","Lamb Weston Holdings Inc","$49.82","Yes","0.40","$7B (Small)"
"LXP","LXP Industrial Trust","$47.66","Yes","1.11","$3B (Small)"
"LYB","LyondellBasell Industries NV","$57.61","Yes","0.63","$19B (Mid)"
"LYFT","Lyft Inc","$13.27","Yes","1.94","$5B (Small)"
"LYG","Lloyds Banking Group PLC","$5.61","Yes","0.90","$83B (Large)"
"M","Macy's Inc","$21.63","Yes","1.50","$6B (Small)"
"MAC","Macerich Co","$18.52","Yes","2.19","$5B (Small)"
"MAIN","Main Street Capital Corp","$59.44","Yes","0.79","$5B (Small)"
"MANU","Manchester United PLC","$17.44","Yes","0.51","$3B (Small)"
"MARA","MARA Holdings Inc","$7.25","Yes","5.56","$3B (Small)"
"MAS","Masco Corp","$76.19","Yes","1.24","$16B (Mid)"
"MAT","Mattel Inc","$16.47","Yes","0.74","$5B (Small)"
"MBIN","Merchants Bancorp","$47.24","Yes","1.22","$2B (Small)"
"MBLY","Mobileye Global Inc","$9.19","Yes","0.52","$8B (Mid)"
"MC","Moelis & Co","$65.94","Yes","1.88","$5B (Small)"
"MCHB","Mechanics Bancorp","$15.37","Yes","1.54","$4B (Small)"
"MCHP","Microchip Technology Inc","$78.56","Yes","1.42","$43B (Large)"
"MDLZ","Mondelez International Inc","$62.59","Yes","0.39","$80B (Large)"
"MDU","MDU Resources Group Inc","$20.80","Yes","0.81","$4B (Small)"
"MEOH","Methanex Corp","$48.75","Yes","0.67","$4B (Small)"
"MESO","Mesoblast Ltd","$16.67","Yes","2.16","$2B (Small)"
"MET","MetLife Inc","$77.31","Yes","0.74","$51B (Large)"
"MFC","Manulife Financial Corp","$36.77","Yes","0.83","$62B (Large)"
"MFG","Mizuho Financial Group Inc","$9.90","Yes","0.35","$122B (Large)"
"MGA","Magna International Inc","$68.73","Yes","1.42","$19B (Mid)"
"MGEE","MGE Energy Inc","$82.88","Yes","0.81","$3B (Small)"
"MGM","MGM Resorts International","$34.14","Yes","1.39","$9B (Mid)"
"MGY","Magnolia Oil & Gas Corp","$26.78","Yes","0.90","$5B (Small)"
"MIR","Mirion Technologies Inc","$22.51","Yes","1.00","$6B (Small)"
"MKC","McCormick & Company Inc","$71.49","Yes","0.57","$18B (Mid)"
"MLCO","Melco Resorts & Entertainment Ltd","$5.53","Yes","0.60","$2B (Small)"
"MMS","Maximus Inc","$74.69","Yes","0.60","$4B (Small)"
"MMSI","Merit Medical Systems Inc","$81.66","Yes","0.61","$5B (Small)"
"MMYT","MakeMyTrip Ltd","$56.25","Yes","0.63","$5B (Small)"
"MNDY","monday.com Ltd","$72.38","Yes","1.32","$4B (Small)"
"MNSO","MINISO Group Holding Ltd","$19.27","Yes","0.14","$6B (Small)"
"MNST","Monster Beverage Corp","$81.48","Yes","0.45","$80B (Large)"
"MO","Altria Group Inc","$67.25","Yes","0.48","$113B (Large)"
"MOS","Mosaic Co","$29.65","Yes","0.94","$9B (Mid)"
"MP","MP Materials Corp","$58.03","Yes","1.56","$10B (Mid)"
"MPLX","MPLX LP","$56.83","Yes","0.56","$58B (Large)"
"MPT","Medical Properties Trust Inc","$5.44","Yes","1.43","$3B (Small)"
"MRCY","Mercury Systems Inc","$82.36","Yes","0.80","$5B (Small)"
"MRNA","Moderna Inc","$42.23","Yes","1.35","$16B (Mid)"
"MRVL","Marvell Technology Inc","$78.61","Yes","1.97","$69B (Large)"
"MT","ArcelorMittal SA","$61.51","Yes","1.47","$47B (Large)"
"MTCH","Match Group Inc","$30.50","Yes","1.31","$7B (Small)"
"MTDR","Matador Resources Co","$47.80","Yes","1.08","$6B (Small)"
"MTG","MGIC Investment Corp","$26.66","Yes","0.82","$6B (Small)"
"MTH","Meritage Homes Corp","$80.60","Yes","1.45","$5B (Small)"
"MTX","Minerals Technologies Inc","$72.97","Yes","1.22","$2B (Small)"
"MUFG","Mitsubishi UFJ Financial Group Inc","$19.73","Yes","0.35","$223B (Large)"
"MUR","Murphy Oil Corp","$33.62","Yes","0.71","$5B (Small)"
"MWA","Mueller Water Products Inc","$30.13","Yes","1.14","$5B (Small)"
"NAMS","NewAmsterdam Pharma Company NV","$34.63","Yes","0.05","$4B (Small)"
"NBTB","NBT Bancorp Inc","$45.82","Yes","0.50","$2B (Small)"
"NCLH","Norwegian Cruise Line Holdings Ltd","$21.49","Yes","2.01","$10B (Mid)"
"NDAQ","Nasdaq Inc","$79.47","Yes","1.07","$45B (Large)"
"NE","Noble Corporation PLC","$45.82","Yes","1.07","$7B (Small)"
"NEOG","Neogen Corp","$10.94","Yes","1.95","$2B (Small)"
"NFG","National Fuel Gas Co","$87.34","Yes","0.59","$8B (Mid)"
"NFLX","Netflix Inc","$76.87","Yes","1.73","$325B (Large)"
"NG","NovaGold Resources Inc","$10.75","Yes","0.80","$5B (Small)"
"NGD","New Gold Inc","$11.06","Yes","0.62","$9B (Mid)"
"NGVT","Ingevity Corp","$76.57","Yes","1.30","$3B (Small)"
"NHI","National Health Investors Inc","$89.31","Yes","0.65","$4B (Small)"
"NI","NiSource Inc","$46.36","Yes","0.65","$22B (Mid)"
"NJR","New Jersey Resources Corp","$54.23","Yes","0.58","$5B (Small)"
"NKE","Nike Inc","$63.13","Yes","1.27","$93B (Large)"
"NLY","Annaly Capital Management Inc","$23.07","Yes","1.29","$17B (Mid)"
"NMIH","NMI Holdings Inc","$39.65","Yes","0.62","$3B (Small)"
"NMR","Nomura Holdings Inc","$9.54","Yes","0.68","$28B (Mid)"
"NMRK","Newmark Group Inc","$14.82","Yes","1.89","$3B (Small)"
"NN","NextNav Inc","$16.13","Yes","0.98","$2B (Small)"
"NNN","NNN REIT Inc","$44.34","Yes","0.82","$8B (Mid)"
"NOG","Northern Oil and Gas Inc","$25.96","Yes","0.99","$3B (Small)"
"NOK","Nokia Oyj","$7.03","Yes","0.81","$39B (Mid)"
"NOV","Nov Inc","$19.20","Yes","0.91","$7B (Small)"
"NSA","National Storage Affiliates Trust","$33.47","Yes","1.19","$3B (Small)"
"NSIT","Insight Enterprises Inc","$85.11","Yes","0.91","$3B (Small)"
"NTB","Bank of NT Butterfield & Son Ltd","$52.74","Yes","0.53","$2B (Small)"
"NTCT","Netscout Systems Inc","$29.79","Yes","0.63","$2B (Small)"
"NTNX","Nutanix Inc","$41.76","Yes","0.47","$11B (Mid)"
"NU","Nu Holdings Ltd","$16.82","Yes","1.09","$82B (Large)"
"NVO","Novo Nordisk A/S","$49.57","Yes","0.71","$167B (Large)"
"NVST","Envista Holdings Corp","$28.97","Yes","0.94","$5B (Small)"
"NWE","NorthWestern Energy Group Inc","$69.68","Yes","0.35","$4B (Small)"
"NWG","NatWest Group PLC","$16.07","Yes","0.89","$64B (Large)"
"NWSA","News Corp","$22.72","Yes","1.00","$8B (Mid)"
"NYT","New York Times Co","$72.94","Yes","1.11","$12B (Mid)"
"O","Realty Income Corp","$65.66","Yes","0.78","$60B (Large)"
"OBDC","Blue Owl Capital Corp","$11.47","Yes","0.69","$6B (Small)"
"OGE","OGE Energy Corp","$46.98","Yes","0.61","$10B (Mid)"
"OGS","ONE Gas Inc","$86.04","Yes","0.79","$5B (Small)"
"OHI","Omega Healthcare Investors Inc","$47.40","Yes","0.53","$14B (Mid)"
"OI","O-I Glass Inc","$14.79","Yes","0.80","$2B (Small)"
"OII","Oceaneering International Inc","$33.15","Yes","1.20","$3B (Small)"
"OKE","ONEOK Inc","$86.11","Yes","0.90","$54B (Large)"
"OKLO","Oklo Inc","$65.69","Yes","0.83","$10B (Mid)"
"OKTA","Okta Inc","$87.26","Yes","0.76","$15B (Mid)"
"OLN","Olin Corp","$25.88","Yes","1.54","$3B (Small)"
"OMC","Omnicom Group Inc","$69.00","Yes","0.77","$22B (Mid)"
"OMF","OneMain Holdings Inc","$56.91","Yes","1.32","$7B (Small)"
"ON","ON Semiconductor Corp","$72.21","Yes","1.49","$28B (Mid)"
"ONB","Old National Bancorp","$24.77","Yes","0.83","$10B (Mid)"
"ONDS","Ondas Inc","$8.97","Yes","2.50","$4B (Small)"
"ONON","On Holding Ltd","$45.29","Yes","2.15","$15B (Mid)"
"OPCH","Option Care Health Inc","$35.42","Yes","0.84","$6B (Small)"
"OPLN","Openlane Inc","$28.30","Yes","1.29","$3B (Small)"
"ORI","Old Republic International Corp","$42.57","Yes","0.73","$11B (Mid)"
"OSCR","Oscar Health Inc","$13.42","Yes","1.90","$4B (Small)"
"OSW","Onespaworld Holdings Ltd","$22.56","Yes","0.97","$2B (Small)"
"OTEX","Open Text Corp","$24.59","Yes","1.10","$6B (Small)"
"OTIS","Otis Worldwide Corp","$89.83","Yes","0.99","$35B (Mid)"
"OTTR","Otter Tail Corp","$88.16","Yes","0.55","$4B (Small)"
"OUT","OUTFRONT Media Inc","$25.04","Yes","1.52","$4B (Small)"
"OVV","Ovintiv Inc","$46.93","Yes","0.72","$13B (Mid)"
"OWL","Blue Owl Capital Inc","$12.30","Yes","1.12","$19B (Mid)"
"OXY","Occidental Petroleum Corp","$46.07","Yes","0.37","$45B (Large)"
"OZK","Bank Ozk","$49.48","Yes","0.91","$6B (Small)"
"PAA","Plains All American Pipeline LP","$20.15","Yes","0.56","$14B (Mid)"
"PAAS","Pan American Silver Corp","$57.93","Yes","0.66","$24B (Mid)"
"PAGP","Plains GP Holdings LP","$21.59","Yes","0.54","$4B (Small)"
"PAGS","PagSeguro Digital Ltd","$10.55","Yes","1.37","$3B (Small)"
"PAM","Pampa Energia SA","$81.42","Yes","1.16","$4B (Small)"
"PARR","Par Pacific Holdings Inc","$42.86","Yes","1.17","$2B (Small)"
"PATH","UiPath Inc","$11.32","Yes","1.09","$6B (Small)"
"PAX","Patria Investments Ltd","$13.91","Yes","0.69","$2B (Small)"
"PAY","Paymentus Holdings Inc","$23.10","Yes","1.51","$3B (Small)"
"PB","Prosperity Bancshares Inc","$72.63","Yes","0.65","$7B (Small)"
"PBF","PBF Energy Inc","$34.54","Yes","0.41","$4B (Small)"
"PBH","Prestige Consumer Healthcare Inc","$66.79","Yes","0.41","$3B (Small)"
"PBR","Petroleo Brasileiro SA Petrobras","$15.19","Yes","0.57","$57B (Large)"
"PCG","PG&E Corp","$18.16","Yes","0.34","$40B (Mid)"
"PCOR","Procore Technologies Inc","$52.34","Yes","0.93","$8B (Mid)"
"PCVX","Vaxcyte Inc","$54.10","Yes","1.33","$8B (Mid)"
"PECO","Phillips Edison & Co Inc","$38.20","Yes","0.52","$5B (Small)"
"PEG","Public Service Enterprise Group Inc","$86.37","Yes","0.61","$43B (Large)"
"PEGA","Pegasystems Inc","$43.85","Yes","1.08","$7B (Small)"
"PFE","Pfizer Inc","$27.58","Yes","0.43","$157B (Large)"
"PFS","Provident Financial Services Inc","$22.96","Yes","0.84","$3B (Small)"
"PHG","Koninklijke Philips NV","$31.25","Yes","0.76","$30B (Mid)"
"PII","Polaris Inc","$65.82","Yes","1.17","$4B (Small)"
"PINS","Pinterest Inc","$15.42","Yes","0.92","$10B (Mid)"
"PK","Park Hotels & Resorts Inc","$11.20","Yes","1.38","$2B (Small)"
"PKX","Posco Holdings Inc","$65.62","Yes","1.44","$20B (Mid)"
"PL","Planet Labs PBC","$22.42","Yes","1.98","$8B (Mid)"
"PLAB","Photronics Inc","$38.80","Yes","1.49","$2B (Small)"
"PLUS","ePlus inc","$83.88","Yes","1.00","$2B (Small)"
"POR","Portland General Electric Co","$54.00","Yes","0.68","$6B (Small)"
"POWI","Power Integrations Inc","$47.21","Yes","1.34","$3B (Small)"
"PPC","Pilgrims Pride Corp","$43.32","Yes","0.42","$10B (Mid)"
"PPL","PPL Corp","$37.82","Yes","0.72","$28B (Mid)"
"PR","Permian Resources Corp","$17.29","Yes","0.66","$14B (Mid)"
"PRM","Perimeter Solutions Inc","$26.22","Yes","1.96","$4B (Small)"
"PRMB","Primo Brands Corp","$18.76","Yes","0.63","$7B (Small)"
"PRVA","Privia Health Group Inc","$22.39","Yes","0.84","$3B (Small)"
"PSKY","Paramount Skydance Corp","$10.32","Yes","1.22","$11B (Mid)"
"PSN","Parsons Corp","$63.38","Yes","0.69","$7B (Small)"
"PSO","Pearson PLC","$12.56","Yes","0.38","$8B (Mid)"
"PSTG","Pure Storage Inc","$73.85","Yes","1.27","$24B (Mid)"
"PTCT","PTC Therapeutics Inc","$69.45","Yes","0.50","$6B (Small)"
"PTEN","Patterson-UTI Energy Inc","$8.10","Yes","0.71","$3B (Small)"
"PTGX","Protagonist Therapeutics Inc","$81.49","Yes","2.26","$5B (Small)"
"PUK","Prudential PLC","$29.53","Yes","0.75","$37B (Mid)"
"PVH","PVH Corp","$68.71","Yes","1.66","$3B (Small)"
"PYPL","PayPal Holdings Inc","$40.29","Yes","1.47","$37B (Mid)"
"QBTS","D-Wave Quantum Inc","$19.67","Yes","1.61","$7B (Small)"
"QGEN","Qiagen NV","$50.41","Yes","0.70","$10B (Mid)"
"QRVO","Qorvo Inc","$84.44","Yes","1.34","$8B (Mid)"
"QS","Quantumscape Corp","$7.73","Yes","2.51","$5B (Small)"
"QSR","Restaurant Brands International Inc","$66.14","Yes","0.59","$23B (Mid)"
"QTWO","Q2 Holdings Inc","$53.23","Yes","1.39","$3B (Small)"
"QXO","QXO Inc","$27.07","Yes","2.46","$19B (Mid)"
"RBLX","Roblox Corp","$63.17","Yes","1.64","$45B (Large)"
"RCI","Rogers Communications Inc","$38.80","Yes","0.76","$17B (Mid)"
"RCUS","Arcus Biosciences Inc","$18.92","Yes","0.85","$2B (Small)"
"RDN","Radian Group Inc","$32.82","Yes","0.79","$4B (Small)"
"RDNT","RadNet Inc","$69.54","Yes","1.50","$5B (Small)"
"RDY","Dr Reddy's Laboratories Ltd","$14.14","Yes","0.33","$12B (Mid)"
"REG","Regency Centers Corp","$76.18","Yes","0.93","$14B (Mid)"
"RELY","Remitly Global Inc","$12.76","Yes","0.11","$3B (Small)"
"REXR","Rexford Industrial Realty Inc","$37.20","Yes","1.26","$9B (Mid)"
"REYN","Reynolds Consumer Products Inc","$23.73","Yes","0.57","$5B (Small)"
"REZI","Resideo Technologies Inc","$35.83","Yes","1.72","$5B (Small)"
"RF","Regions Financial Corp","$29.74","Yes","1.01","$26B (Mid)"
"RGC","Regencell Bioscience Holdings Ltd","$29.02","Yes","2.06","$14B (Mid)"
"RGTI","Rigetti Computing Inc","$14.99","Yes","1.76","$5B (Small)"
"RHI","Robert Half Inc","$24.77","Yes","0.90","$3B (Small)"
"RIG","Transocean Ltd","$6.54","Yes","1.41","$7B (Small)"
"RIOT","Riot Platforms Inc","$14.20","Yes","3.59","$6B (Small)"
"RITM","Rithm Capital Corp","$10.57","Yes","1.20","$6B (Small)"
"RIVN","Rivian Automotive Inc","$17.73","Yes","1.76","$22B (Mid)"
"RKLB","Rocket Lab Corp","$66.01","Yes","2.23","$35B (Mid)"
"RKT","Rocket Companies Inc","$18.68","Yes","2.30","$53B (Large)"
"RLI","RLI Corp","$61.62","Yes","0.50","$6B (Small)"
"RNA","Avidity Biosciences Inc","$72.87","Yes","0.93","$11B (Mid)"
"RNG","RingCentral Inc","$30.19","Yes","1.19","$3B (Small)"
"RNST","Renasant Corp","$40.73","Yes","0.96","$4B (Small)"
"ROIV","Roivant Sciences Ltd","$26.45","Yes","1.18","$19B (Mid)"
"ROL","Rollins Inc","$58.06","Yes","0.80","$28B (Mid)"
"RPRX","Royalty Pharma PLC","$45.19","Yes","0.40","$26B (Mid)"
"RRC","Range Resources Corp","$37.57","Yes","0.60","$9B (Mid)"
"RRR","Red Rock Resorts Inc","$61.60","Yes","1.47","$7B (Small)"
"RSI","Rush Street Interactive Inc","$16.03","Yes","1.59","$4B (Small)"
"RTO","Rentokil Initial PLC","$30.45","Yes","1.07","$15B (Mid)"
"RUN","Sunrun Inc","$19.09","Yes","2.38","$4B (Small)"
"RUSHA","Rush Enterprises Inc","$71.61","Yes","0.90","$4B (Small)"
"RXO","RXO Inc","$13.51","Yes","1.65","$2B (Small)"
"RYAAY","Ryanair Holdings PLC","$65.49","Yes","1.23","$34B (Mid)"
"RYAN","Ryan Specialty Holdings Inc","$38.71","Yes","0.64","$10B (Mid)"
"RYN","Rayonier Inc","$23.60","Yes","0.99","$7B (Small)"
"S","SentinelOne Inc","$13.87","Yes","0.77","$5B (Small)"
"SA","Seabridge Gold Inc","$34.01","Yes","0.80","$4B (Small)"
"SAIC","Science Applications International Corp","$86.61","Yes","0.33","$4B (Small)"
"SAN","Banco Santander SA","$11.86","Yes","0.72","$174B (Large)"
"SBCF","Seacoast Banking Corporation of Florida","$33.23","Yes","0.91","$3B (Small)"
"SBLK","Star Bulk Carriers Corp","$23.80","Yes","0.76","$3B (Small)"
"SBRA","Sabra Health Care REIT Inc","$20.17","Yes","0.63","$5B (Small)"
"SBS","Companhia de Saneamento Basico do Estado de Sao Paulo - SABESP","$29.30","Yes","0.79","$21B (Mid)"
"SBSW","Sibanye Stillwater Ltd","$17.23","Yes","0.64","$12B (Mid)"
"SCI","Service Corporation International","$79.66","Yes","1.01","$11B (Mid)"
"SDRL","Seadrill Ltd","$42.66","Yes","1.92","$3B (Small)"
"SEE","Sealed Air Corp","$41.93","Yes","1.35","$6B (Small)"
"SEI","Solaris Energy Infrastructure Inc","$56.63","Yes","1.14","$4B (Small)"
"SEIC","SEI Investments Co","$78.63","Yes","0.97","$10B (Mid)"
"SFBS","ServisFirst Bancshares Inc","$86.14","Yes","0.90","$5B (Small)"
"SFM","Sprouts Farmers Market Inc","$68.96","Yes","0.78","$7B (Small)"
"SFNC","Simmons First National Corp","$21.36","Yes","0.91","$3B (Small)"
"SGHC","SGHC Ltd","$8.96","Yes","1.10","$5B (Small)"
"SHAK","Shake Shack Inc","$88.15","Yes","1.74","$4B (Small)"
"SHC","Sotera Health Co","$17.12","Yes","1.83","$5B (Small)"
"SHEL","Shell PLC","$78.77","Yes","0.14","$224B (Large)"
"SHG","Shinhan Financial Group Co Ltd","$69.83","Yes","0.95","$34B (Mid)"
"SHOO","Steven Madden Ltd","$39.19","Yes","1.13","$3B (Small)"
"SIGI","Selective Insurance Group Inc","$86.42","Yes","0.22","$5B (Small)"
"SIRI","Sirius XM Holdings Inc","$21.29","Yes","0.91","$7B (Small)"
"SKM","SK Telecom Co Ltd","$32.56","Yes","0.48","$12B (Mid)"
"SKT","Tanger Inc","$33.82","Yes","1.16","$4B (Small)"
"SLB","Slb NV","$50.39","Yes","0.69","$75B (Large)"
"SLF","Sun Life Financial Inc","$68.95","Yes","0.84","$38B (Mid)"
"SLG","SL Green Realty Corp","$40.55","Yes","1.65","$3B (Small)"
"SLGN","Silgan Holdings Inc","$48.65","Yes","0.68","$5B (Small)"
"SLM","SLM Corp","$24.04","Yes","1.16","$5B (Small)"
"SM","SM Energy Co","$21.46","Yes","1.04","$5B (Small)"
"SMCI","Super Micro Computer Inc","$30.54","Yes","1.52","$18B (Mid)"
"SMFG","Sumitomo Mitsui Financial Group Inc","$23.81","Yes","0.35","$151B (Large)"
"SMG","Scotts Miracle-Gro Co","$68.35","Yes","1.95","$4B (Small)"
"SMR","Nuscale Power Corp","$14.31","Yes","2.20","$4B (Small)"
"SMTC","Semtech Corp","$87.12","Yes","1.99","$8B (Mid)"
"SNDR","Schneider National Inc","$28.73","Yes","1.06","$5B (Small)"
"SNN","Smith & Nephew PLC","$36.18","Yes","0.65","$15B (Mid)"
"SNY","Sanofi SA","$46.01","Yes","0.44","$112B (Large)"
"SOFI","SoFi Technologies Inc","$19.61","Yes","2.21","$25B (Mid)"
"SON","Sonoco Products Co","$51.67","Yes","0.51","$5B (Small)"
"SONY","Sony Group Corp","$23.19","Yes","0.95","$138B (Large)"
"SOUN","SoundHound AI Inc","$7.46","Yes","2.92","$3B (Small)"
"SPNT","Siriuspoint Ltd","$20.51","Yes","0.66","$2B (Small)"
"SPSC","SPS Commerce Inc","$61.92","Yes","0.62","$2B (Small)"
"SQM","Sociedad Quimica y Minera de Chile SA","$70.91","Yes","1.05","$10B (Mid)"
"SRAD","Sportradar Group AG","$16.47","Yes","2.02","$5B (Small)"
"SRRK","Scholar Rock Holding Corp","$45.98","Yes","0.70","$5B (Small)"
"SSL","Sasol Ltd","$7.96","Yes","0.39","$5B (Small)"
"SSNC","SS&C Technologies Holdings Inc","$72.09","Yes","1.19","$18B (Mid)"
"ST","Sensata Technologies Holding PLC","$36.88","Yes","1.13","$5B (Small)"
"STAG","STAG Industrial Inc","$38.06","Yes","1.05","$7B (Small)"
"STEP","StepStone Group Inc","$56.76","Yes","1.34","$7B (Small)"
"STM","STMicroelectronics NV","$33.61","Yes","1.54","$30B (Mid)"
"STN","Stantec Inc","$87.03","Yes","1.14","$10B (Mid)"
"STNE","StoneCo Ltd","$16.86","Yes","1.77","$5B (Small)"
"STVN","Stevanato Group SpA","$16.01","Yes","0.57","$5B (Small)"
"STWD","Starwood Property Trust Inc","$18.07","Yes","1.12","$7B (Small)"
"SU","Suncor Energy Inc","$55.99","Yes","0.44","$67B (Large)"
"SUN","Sunoco LP","$59.51","Yes","0.52","$11B (Mid)"
"SUPN","Supernus Pharmaceuticals Inc","$50.84","Yes","0.71","$3B (Small)"
"SVM","Silvercorp Metals Inc","$10.98","Yes","0.98","$2B (Small)"
"SW","Smurfit WestRock PLC","$51.56","Yes","0.95","$27B (Mid)"
"SWKS","Skyworks Solutions Inc","$62.10","Yes","1.28","$9B (Mid)"
"SWX","Southwest Gas Holdings Inc","$87.98","Yes","0.62","$6B (Small)"
"SYF","Synchrony Financial","$71.38","Yes","1.40","$25B (Mid)"
"SYM","Symbotic Inc","$54.95","Yes","2.14","$33B (Mid)"
"SYRE","Spyre Therapeutics Inc","$36.63","Yes","3.13","$3B (Small)"
"T","AT&T Inc","$28.69","Yes","0.35","$201B (Large)"
"TAC","TransAlta Corp","$13.58","Yes","0.77","$4B (Small)"
"TAK","Takeda Pharmaceutical Co Ltd","$18.46","Yes","0.04","$58B (Large)"
"TAL","TAL Education Group","$11.25","Yes","0.09","$7B (Small)"
"TALO","Talos Energy Inc","$13.12","Yes","0.53","$2B (Small)"
"TAP","Molson Coors Beverage Co","$53.22","Yes","0.46","$10B (Mid)"
"TARS","Tarsus Pharmaceuticals Inc","$60.78","Yes","0.59","$3B (Small)"
"TBBK","Bancorp Inc","$58.57","Yes","1.31","$3B (Small)"
"TDC","Teradata Corp","$33.56","Yes","0.50","$3B (Small)"
"TDS","Telephone and Data Systems Inc","$47.59","Yes","0.34","$5B (Small)"
"TDW","Tidewater Inc","$69.93","Yes","0.60","$3B (Small)"
"TEAM","Atlassian Corp","$84.38","Yes","0.94","$22B (Mid)"
"TECH","Bio-Techne Corp","$59.93","Yes","1.48","$9B (Mid)"
"TENB","Tenable Holdings Inc","$22.55","Yes","0.65","$3B (Small)"
"TEVA","Teva Pharmaceutical Industries Ltd","$33.98","Yes","0.72","$40B (Mid)"
"TEX","Terex Corp","$69.23","Yes","1.62","$8B (Mid)"
"TFC","Truist Financial Corp","$51.90","Yes","0.85","$66B (Large)"
"TFSL","TFS Financial Corp","$14.93","Yes","0.72","$4B (Small)"
"TGB","Taseko Mines Ltd","$8.29","Yes","1.21","$3B (Small)"
"TGLS","Tecnoglass Inc","$52.96","Yes","1.69","$2B (Small)"
"TGNA","Tegna Inc","$20.95","Yes","0.13","$3B (Small)"
"TGTX","TG Therapeutics Inc","$28.42","Yes","1.87","$5B (Small)"
"TIGO","Millicom International Cellular SA","$65.71","Yes","0.91","$11B (Mid)"
"TIMB","Tim SA","$26.12","Yes","0.47","$12B (Mid)"
"TKC","Turkcell Iletisim Hizmetleri AS","$7.05","Yes","0.91","$6B (Small)"
"TMC","TMC the metals company Inc","$6.09","Yes","1.88","$3B (Small)"
"TME","Tencent Music Entertainment Group","$15.85","Yes","0.54","$25B (Mid)"
"TMHC","Taylor Morrison Home Corp","$68.86","Yes","1.57","$7B (Small)"
"TNL","Travel + Leisure Co","$70.84","Yes","1.34","$5B (Small)"
"TOST","Toast Inc","$27.33","Yes","1.96","$16B (Mid)"
"TOWN","TowneBank","$36.21","Yes","0.75","$3B (Small)"
"TPC","Tutor Perini Corp","$82.74","Yes","2.21","$4B (Small)"
"TPG","TPG Inc","$49.53","Yes","1.53","$19B (Mid)"
"TPH","Tri Pointe Homes Inc (Delaware)","$46.37","Yes","1.38","$4B (Small)"
"TREX","Trex Company Inc","$42.80","Yes","1.57","$5B (Small)"
"TRI","Thomson Reuters Corp","$86.89","Yes","0.85","$39B (Mid)"
"TRMB","Trimble Inc","$66.40","Yes","1.57","$16B (Mid)"
"TRMK","Trustmark Corp","$44.73","Yes","0.67","$3B (Small)"
"TRN","Trinity Industries Inc","$35.08","Yes","1.40","$3B (Small)"
"TRNO","Terreno Realty Corp","$66.10","Yes","1.13","$7B (Small)"
"TRP","TC Energy Corp","$63.54","Yes","0.74","$66B (Large)"
"TRU","TransUnion","$73.92","Yes","1.72","$14B (Mid)"
"TS","Tenaris SA","$48.59","Yes","0.86","$25B (Mid)"
"TSCO","Tractor Supply Co","$55.03","Yes","0.71","$29B (Mid)"
"TSN","Tyson Foods Inc","$63.94","Yes","0.47","$23B (Mid)"
"TTD","Trade Desk Inc","$25.81","Yes","1.12","$12B (Mid)"
"TTEK","Tetra Tech Inc","$36.70","Yes","0.91","$10B (Mid)"
"TVTX","Travere Therapeutics Inc","$27.82","Yes","0.81","$2B (Small)"
"TWST","Twist Bioscience Corp","$49.11","Yes","2.22","$3B (Small)"
"TX","Ternium SA","$43.65","Yes","1.24","$9B (Mid)"
"TXG","10X Genomics Inc","$18.12","Yes","2.25","$2B (Small)"
"TXNM","TXNM Energy Inc","$59.28","Yes","0.17","$6B (Small)"
"U","Unity Software Inc","$18.68","Yes","2.15","$8B (Mid)"
"UBER","Uber Technologies Inc","$69.99","Yes","1.23","$145B (Large)"
"UBSI","United Bankshares Inc","$44.12","Yes","0.77","$6B (Small)"
"UCB","United Community Banks Inc","$34.56","Yes","0.84","$4B (Small)"
"UCTT","Ultra Clean Holdings Inc","$55.39","Yes","1.94","$3B (Small)"
"UDR","UDR Inc","$38.09","Yes","0.70","$13B (Mid)"
"UE","Urban Edge Properties","$20.77","Yes","1.03","$3B (Small)"
"UEC","Uranium Energy Corp","$15.52","Yes","1.23","$8B (Small)"
"UGI","UGI Corp","$38.76","Yes","1.09","$8B (Mid)"
"UGP","Ultrapar Participacoes SA","$5.13","Yes","0.85","$5B (Small)"
"UMC","United Microelectronics Corp","$10.42","Yes","1.04","$26B (Mid)"
"UNFI","United Natural Foods Inc","$40.30","Yes","0.98","$2B (Small)"
"UNM","Unum Group","$71.64","Yes","0.20","$12B (Mid)"
"UPST","Upstart Holdings Inc","$30.68","Yes","2.44","$3B (Small)"
"URBN","Urban Outfitters Inc","$70.18","Yes","1.22","$6B (Small)"
"USAC","USA Compression Partners LP","$26.60","Yes","0.19","$3B (Small)"
"USB","US Bancorp","$57.69","Yes","1.05","$90B (Large)"
"UUUU","Energy Fuels Inc","$20.72","Yes","1.43","$5B (Small)"
"VALE","Vale SA","$16.65","Yes","0.55","$71B (Large)"
"VCTR","Victory Capital Holdings Inc","$74.74","Yes","1.04","$5B (Small)"
"VCYT","Veracyte Inc","$35.77","Yes","1.92","$3B (Small)"
"VEON","VEON Ltd","$52.45","Yes","1.59","$4B (Small)"
"VERA","Vera Therapeutics Inc","$42.22","Yes","1.17","$3B (Small)"
"VFC","VF Corp","$20.30","Yes","1.65","$8B (Mid)"
"VIAV","Viavi Solutions Inc","$26.29","Yes","0.94","$6B (Small)"
"VICI","VICI Properties Inc","$29.30","Yes","0.69","$31B (Mid)"
"VIPS","Vipshop Holdings Ltd","$17.54","Yes","0.66","$9B (Mid)"
"VIRT","Virtu Financial Inc","$38.34","Yes","0.63","$6B (Small)"
"VISN","Vistance Networks Inc","$19.20","Yes","2.42","$4B (Small)"
"VIST","Vista Energy SAB de CV","$54.11","Yes","0.86","$6B (Small)"
"VIV","Telefonica Brasil SA","$15.72","Yes","0.64","$25B (Mid)"
"VKTX","Viking Therapeutics Inc","$30.49","Yes","0.77","$4B (Small)"
"VLY","Valley National Bancorp","$13.49","Yes","1.07","$8B (Small)"
"VNO","Vornado Realty Trust","$29.89","Yes","1.53","$6B (Small)"
"VNOM","Viper Energy Inc","$44.25","Yes","0.47","$16B (Mid)"
"VNT","Vontier Corp","$41.79","Yes","1.25","$6B (Small)"
"VOD","Vodafone Group PLC","$15.57","Yes","0.40","$36B (Mid)"
"VOYA","Voya Financial Inc","$74.51","Yes","0.88","$7B (Small)"
"VRDN","Viridian Therapeutics Inc","$28.75","Yes","1.01","$3B (Small)"
"VRNS","Varonis Systems Inc","$25.36","Yes","0.61","$3B (Small)"
"VRRM","Verra Mobility Corp","$18.40","Yes","0.58","$3B (Small)"
"VSAT","Viasat Inc","$48.85","Yes","1.44","$7B (Small)"
"VSCO","Victoria's Secret & Co","$58.54","Yes","2.28","$5B (Small)"
"VSH","Vishay Intertechnology Inc","$18.88","Yes","1.14","$3B (Small)"
"VTR","Ventas Inc","$85.24","Yes","0.75","$40B (Mid)"
"VTRS","Viatris Inc","$15.77","Yes","0.74","$18B (Mid)"
"VVV","Valvoline Inc","$38.53","Yes","1.16","$5B (Small)"
"VZ","Verizon Communications Inc","$49.01","Yes","0.29","$207B (Large)"
"W","Wayfair Inc","$82.39","Yes","3.39","$11B (Mid)"
"WAFD","WaFd Inc","$32.88","Yes","0.84","$2B (Small)"
"WB","Weibo Corp","$10.01","Yes","0.14","$2B (Small)"
"WBD","Warner Bros Discovery Inc","$27.99","Yes","1.60","$69B (Large)"
"WBS","Webster Financial Corp","$71.13","Yes","1.02","$11B (Mid)"
"WDS","Woodside Energy Group Ltd","$18.62","Yes","0.47","$35B (Mid)"
"WES","Western Midstream Partners LP","$43.43","Yes","0.72","$18B (Mid)"
"WFC","Wells Fargo & Co","$86.98","Yes","1.07","$269B (Large)"
"WH","Wyndham Hotels & Resorts Inc","$77.76","Yes","0.74","$6B (Small)"
"WHD","Cactus Inc","$56.93","Yes","1.25","$5B (Small)"
"WHR","Whirlpool Corp","$88.69","Yes","1.18","$5B (Small)"
"WIX","Wix.Com Ltd","$69.23","Yes","1.40","$4B (Small)"
"WK","Workiva Inc","$61.93","Yes","0.65","$3B (Small)"
"WMB","Williams Companies Inc","$72.28","Yes","0.65","$88B (Large)"
"WMG","Warner Music Group Corp","$29.45","Yes","1.24","$15B (Mid)"
"WOR","Worthington Enterprises Inc","$58.95","Yes","1.35","$3B (Small)"
"WPC","WP Carey Inc","$74.20","Yes","0.79","$16B (Mid)"
"WPP","WPP PLC","$18.76","Yes","0.79","$4B (Small)"
"WRB","W R Berkley Corp","$69.70","Yes","0.35","$26B (Mid)"
"WRBY","Warby Parker Inc","$22.46","Yes","2.09","$3B (Small)"
"WSBC","WesBanco Inc","$36.65","Yes","0.79","$4B (Small)"
"WSC","WillScot Holdings Corp","$21.22","Yes","1.10","$4B (Small)"
"WSFS","WSFS Financial Corp","$66.80","Yes","0.76","$4B (Small)"
"WT","WisdomTree Inc","$16.36","Yes","1.09","$2B (Small)"
"WTRG","Essential Utilities Inc","$39.73","Yes","0.81","$11B (Mid)"
"WU","Western Union Co","$9.60","Yes","0.52","$3B (Small)"
"WULF","Terawulf Inc","$15.91","Yes","3.67","$7B (Small)"
"WY","Weyerhaeuser Co","$26.75","Yes","1.00","$19B (Mid)"
"XEL","Xcel Energy Inc","$81.59","Yes","0.47","$48B (Large)"
"XENE","Xenon Pharmaceuticals Inc","$41.48","Yes","0.92","$3B (Small)"
"XMTR","Xometry Inc","$55.42","Yes","0.86","$3B (Small)"
"XP","XP Inc","$19.87","Yes","1.21","$10B (Mid)"
"XPEV","Xpeng Inc","$17.94","Yes","1.20","$17B (Mid)"
"XRAY","DENTSPLY SIRONA Inc","$12.95","Yes","1.01","$3B (Small)"
"XYZ","Block Inc","$49.80","Yes","2.69","$30B (Mid)"
"YETI","Yeti Holdings Inc","$48.00","Yes","1.75","$4B (Small)"
"YMM","Full Truck Alliance Co Ltd","$9.48","Yes","0.22","$10B (Mid)"
"YOU","Clear Secure Inc","$32.50","Yes","1.21","$4B (Small)"
"YPF","YPF SA","$37.37","Yes","1.43","$15B (Mid)"
"YUMC","Yum China Holdings Inc","$55.42","Yes","0.10","$20B (Mid)"
"Z","Zillow Group Inc","$43.45","Yes","2.11","$8B (Mid)"
"ZETA","Zeta Global Holdings Corp","$15.46","Yes","1.31","$4B (Small)"
"ZGN","Ermenegildo Zegna NV","$11.04","Yes","0.77","$3B (Small)"
"ZIM","ZIM Integrated Shipping Services Ltd","$22.20","Yes","1.55","$3B (Small)"
"ZION","Zions Bancorporation NA","$61.26","Yes","0.81","$9B (Mid)"
"ZLAB","Zai Lab Ltd","$20.03","Yes","0.85","$2B (Small)"
"ZWS","Zurn Elkay Water Solutions Corp","$51.30","Yes","1.08","$9B (Mid)"