"Symbol","Description","Price","Optionable Stocks","Beta","Market Capitalization","Average Volume (10 Day)"
"A","Agilent Technologies Inc","$125.81","Yes","1.31","$36B (Mid)","2,099,020"
"AAON","Aaon Inc","$101.04","Yes","1.08","$8B (Mid)","1,011,200"
"AAPL","Apple Inc","$255.78","Yes","1.10","$4T (Large)","63,673,690"
"ABBV","AbbVie Inc","$231.50","Yes","0.33","$409B (Large)","8,197,140"
"ABG","Asbury Automotive Group Inc","$229.44","Yes","0.79","$4B (Small)","300,510"
"ABNB","Airbnb Inc","$121.35","Yes","1.16","$74B (Large)","5,478,940"
"ABT","Abbott Laboratories","$112.68","Yes","0.74","$196B (Large)","12,334,320"
"ACGL","Arch Capital Group Ltd","$98.38","Yes","0.40","$35B (Mid)","2,166,960"
"ACLS","Axcelis Technologies Inc","$94.55","Yes","1.75","$3B (Small)","731,560"
"ACN","Accenture PLC","$224.23","Yes","1.27","$138B (Large)","6,301,340"
"ADBE","Adobe Inc","$263.97","Yes","1.53","$108B (Large)","6,840,290"
"ADI","Analog Devices Inc","$337.10","Yes","1.01","$165B (Large)","4,690,820"
"ADP","Automatic Data Processing Inc","$212.11","Yes","0.88","$85B (Large)","4,048,140"
"ADSK","Autodesk Inc","$231.22","Yes","1.47","$49B (Large)","2,706,950"
"AEE","Ameren Corp","$110.97","Yes","0.57","$31B (Mid)","2,218,800"
"AEIS","Advanced Energy Industries Inc","$314.27","Yes","1.35","$12B (Mid)","1,430,490"
"AEM","Agnico Eagle Mines Ltd","$216.59","Yes","0.64","$109B (Large)","3,437,870"
"AEP","American Electric Power Company Inc","$129.94","Yes","0.61","$70B (Large)","3,812,980"
"AER","AerCap Holdings NV","$150.43","Yes","1.01","$25B (Mid)","1,649,140"
"AFG","American Financial Group Inc","$128.95","Yes","0.70","$11B (Mid)","842,750"
"AFL","Aflac Inc","$114.91","Yes","0.65","$60B (Large)","2,759,120"
"AGCO","AGCO Corp","$140.49","Yes","1.11","$10B (Mid)","1,122,060"
"AGX","Argan Inc","$409.95","Yes","0.57","$6B (Small)","522,170"
"AIR","AAR Corp","$112.98","Yes","1.19","$4B (Small)","446,430"
"AIT","Applied Industrial Technologies Inc","$279.84","Yes","0.81","$10B (Mid)","476,530"
"AIZ","Assurant Inc","$217.48","Yes","0.60","$11B (Mid)","555,450"
"AJG","Arthur J. Gallagher & Co.","$208.45","Yes","0.70","$54B (Large)","3,206,200"
"AKAM","Akamai Technologies Inc","$111.76","Yes","0.70","$16B (Mid)","3,875,690"
"ALB","Albemarle Corp","$166.35","Yes","1.46","$20B (Mid)","3,459,620"
"ALGN","Align Technology Inc","$186.77","Yes","1.79","$13B (Mid)","1,832,090"
"ALL","Allstate Corp","$207.51","Yes","0.23","$54B (Large)","1,983,510"
"ALLE","Allegion PLC","$179.50","Yes","1.02","$15B (Mid)","854,710"
"ALNY","Alnylam Pharmaceuticals Inc","$314.40","Yes","0.37","$42B (Large)","1,932,760"
"ALSN","Allison Transmission Holdings Inc","$117.79","Yes","0.97","$10B (Mid)","891,140"
"ALV","Autoliv Inc","$124.98","Yes","1.32","$9B (Mid)","848,930"
"AMAT","Applied Materials Inc","$354.91","Yes","1.67","$282B (Large)","9,066,900"
"AMD","Advanced Micro Devices Inc","$207.32","Yes","1.98","$338B (Large)","48,301,830"
"AME","AMETEK Inc","$229.76","Yes","1.03","$53B (Large)","1,701,470"
"AMG","Affiliated Managers Group Inc","$329.79","Yes","1.16","$9B (Mid)","522,770"
"AMGN","Amgen Inc","$369.19","Yes","0.45","$199B (Large)","3,378,110"
"AMP","Ameriprise Financial Inc","$473.67","Yes","1.27","$43B (Large)","981,410"
"AMR","Alpha Metallurgical Resources Inc","$185.52","Yes","0.78","$2B (Small)","295,270"
"AMT","American Tower Corp","$192.10","Yes","0.93","$90B (Large)","3,416,620"
"AMZN","Amazon.com Inc","$198.79","Yes","1.42","$2T (Large)","77,985,680"
"AN","AutoNation Inc","$201.76","Yes","0.87","$7B (Small)","705,180"
"ANET","Arista Networks Inc","$141.59","Yes","1.46","$178B (Large)","9,043,060"
"ANF","Abercrombie & Fitch Co","$93.70","Yes","1.18","$4B (Small)","1,381,120"
"AON","Aon PLC","$321.70","Yes","0.83","$69B (Large)","2,223,800"
"APD","Air Products and Chemicals Inc","$279.74","Yes","0.87","$62B (Large)","1,360,190"
"APH","Amphenol Corp","$146.72","Yes","1.21","$180B (Large)","12,530,400"
"APO","Apollo Global Management Inc","$125.07","Yes","1.58","$73B (Large)","5,678,160"
"APP","Applovin Corp","$390.55","Yes","2.54","$132B (Large)","10,187,580"
"APPF","Appfolio Inc","$178.41","Yes","0.75","$6B (Small)","623,420"
"ARCB","ArcBest Corp","$104.40","Yes","1.47","$2B (Small)","538,660"
"ARES","Ares Management Corp","$133.88","Yes","1.54","$44B (Large)","5,599,890"
"ARGX","argenx SE","$821.96","Yes","0.37","$50B (Large)","379,980"
"ARW","Arrow Electronics Inc","$156.19","Yes","1.00","$8B (Mid)","1,000,330"
"ASML","ASML Holding NV","$1,406.61","Yes","1.89","$545B (Large)","1,755,430"
"ATGE","Adtalem Global Education Inc","$95.52","Yes","0.74","$3B (Small)","520,740"
"ATI","ATI Inc","$143.93","Yes","0.98","$20B (Mid)","2,729,060"
"ATO","Atmos Energy Corp","$179.25","Yes","0.74","$30B (Mid)","1,744,000"
"ATR","Aptargroup Inc","$142.58","Yes","0.45","$9B (Mid)","826,220"
"AU","Anglogold Ashanti PLC","$109.82","Yes","0.60","$55B (Large)","3,155,360"
"AVAV","AeroVironment Inc","$243.87","Yes","1.27","$12B (Mid)","1,358,320"
"AVB","AvalonBay Communities Inc","$176.19","Yes","0.75","$25B (Mid)","1,417,970"
"AVGO","Broadcom Inc","$325.17","Yes","1.22","$2T (Large)","29,026,120"
"AVY","Avery Dennison Corp","$195.80","Yes","0.97","$15B (Mid)","870,920"
"AWI","Armstrong World Industries Inc","$200.28","Yes","1.30","$9B (Mid)","372,060"
"AWK","American Water Works Co Inc","$133.50","Yes","0.78","$26B (Mid)","1,955,400"
"AX","Axos Financial Inc","$97.28","Yes","1.26","$6B (Small)","506,480"
"AXON","Axon Enterprise Inc","$429.67","Yes","1.50","$34B (Mid)","1,468,510"
"AXP","American Express Co","$337.50","Yes","1.13","$232B (Large)","3,476,390"
"AXS","AXIS Capital Holdings Ltd","$101.85","Yes","0.62","$8B (Mid)","680,330"
"AXSM","Axsome Therapeutics Inc","$181.21","Yes","0.41","$9B (Mid)","579,630"
"AYI","Acuity Inc","$305.50","Yes","1.50","$9B (Mid)","380,980"
"BA","Boeing Co","$242.96","Yes","1.13","$191B (Large)","6,447,190"
"BABA","Alibaba Group Holding Ltd","$155.73","Yes","0.41","$372B (Large)","9,968,970"
"BAP","Credicorp Ltd","$329.81","Yes","0.85","$26B (Mid)","678,780"
"BCO","Brinks Co","$130.69","Yes","1.07","$5B (Small)","257,260"
"BDC","Belden Inc","$149.62","Yes","1.15","$6B (Small)","411,830"
"BDX","Becton Dickinson and Co","$175.89","Yes","0.24","$50B (Large)","3,839,370"
"BE","Bloom Energy Corp","$139.74","Yes","3.14","$39B (Mid)","13,503,820"
"BG","Bunge Global SA","$122.53","Yes","0.74","$24B (Mid)","1,888,890"
"BIDU","Baidu Inc","$137.01","Yes","0.31","$47B (Large)","2,494,860"
"BIIB","Biogen Inc","$196.52","Yes","0.14","$29B (Mid)","1,898,170"
"BJ","BJ's Wholesale Club Holdings Inc","$102.78","Yes","0.35","$13B (Mid)","1,991,110"
"BK","Bank of New York Mellon Corp","$117.74","Yes","1.10","$81B (Large)","4,203,500"
"BKNG","Booking Holdings Inc","$4,140.60","Yes","1.22","$133B (Large)","525,710"
"BLD","TopBuild Corp","$550.90","Yes","1.68","$15B (Mid)","318,620"
"BLDR","Builders FirstSource Inc","$114.73","Yes","1.53","$13B (Mid)","2,369,020"
"BLK","BlackRock Inc","$1,071.51","Yes","1.50","$166B (Large)","888,540"
"BMI","Badger Meter Inc","$154.88","Yes","0.85","$5B (Small)","541,180"
"BMO","Bank of Montreal","$141.02","Yes","0.93","$100B (Large)","803,440"
"BNTX","Biontech SE","$105.87","Yes","1.51","$27B (Mid)","764,610"
"BOKF","BOK Financial Corp","$134.22","Yes","0.86","$8B (Mid)","403,150"
"BOOT","Boot Barn Holdings Inc","$187.99","Yes","1.66","$6B (Small)","834,680"
"BPOP","Popular Inc","$142.63","Yes","0.61","$9B (Mid)","651,640"
"BR","Broadridge Financial Solutions Inc","$173.70","Yes","1.01","$20B (Mid)","2,054,210"
"BURL","Burlington Stores Inc","$302.37","Yes","1.73","$19B (Mid)","791,020"
"BWXT","BWX Technologies Inc","$200.40","Yes","0.84","$18B (Mid)","970,960"
"BX","Blackstone Inc","$129.86","Yes","1.78","$155B (Large)","8,757,530"
"C","Citigroup Inc","$110.86","Yes","1.15","$198B (Large)","14,399,730"
"CACC","Credit Acceptance Corp","$483.98","Yes","1.28","$5B (Small)","283,380"
"CACI","CACI International Inc","$573.30","Yes","0.62","$13B (Mid)","300,390"
"CAH","Cardinal Health Inc","$220.79","Yes","0.67","$52B (Large)","2,167,480"
"CAMT","Camtek Ltd","$162.00","Yes","1.56","$7B (Small)","505,850"
"CAR","Avis Budget Group Inc","$118.35","Yes","2.29","$4B (Small)","532,270"
"CASY","Caseys General Stores Inc","$665.86","Yes","0.65","$25B (Mid)","378,100"
"CAT","Caterpillar Inc","$774.20","Yes","1.52","$362B (Large)","3,989,910"
"CB","Chubb Ltd","$324.95","Yes","0.47","$127B (Large)","2,007,370"
"CBOE","Cboe Global Markets Inc","$275.11","Yes","0.35","$29B (Mid)","1,044,280"
"CBRE","CBRE Group Inc","$142.31","Yes","1.36","$42B (Large)","3,156,150"
"CCEP","Coca-Cola Europacific Partners PLC","$99.51","Yes","0.49","$45B (Large)","1,842,670"
"CCI","Crown Castle Inc","$90.38","Yes","0.97","$39B (Mid)","5,126,370"
"CCK","Crown Holdings Inc","$110.79","Yes","0.70","$13B (Mid)","1,608,820"
"CDNS","Cadence Design Systems Inc","$299.46","Yes","1.01","$82B (Large)","3,423,270"
"CDW","CDW Corp","$126.86","Yes","1.04","$17B (Mid)","2,238,190"
"CEG","Constellation Energy Corp","$288.43","Yes","1.14","$90B (Large)","4,540,660"
"CELC","Celcuity Inc","$104.87","Yes","0.41","$5B (Small)","775,180"
"CF","CF Industries Holdings Inc","$94.66","Yes","0.69","$15B (Mid)","1,961,420"
"CFR","Cullen/Frost Bankers Inc","$144.48","Yes","0.61","$9B (Mid)","551,780"
"CHD","Church & Dwight Co Inc","$101.45","Yes","0.46","$24B (Mid)","2,651,660"
"CHH","Choice Hotels International Inc","$110.04","Yes","0.75","$5B (Small)","701,050"
"CHKP","Check Point Software Technologies Ltd","$171.48","Yes","0.62","$18B (Mid)","1,618,480"
"CHRD","Chord Energy Corp","$102.02","Yes","0.84","$6B (Small)","737,380"
"CHRW","CH Robinson Worldwide Inc","$176.01","Yes","0.93","$21B (Mid)","3,940,500"
"CHTR","Charter Communications Inc","$239.09","Yes","1.00","$30B (Mid)","3,074,230"
"CI","Cigna Group","$291.44","Yes","0.27","$77B (Large)","2,334,470"
"CIEN","Ciena Corp","$303.92","Yes","1.11","$43B (Large)","6,430,780"
"CIGI","Colliers International Group Inc","$113.39","Yes","1.41","$6B (Small)","659,320"
"CINF","Cincinnati Financial Corp","$162.77","Yes","0.64","$25B (Mid)","802,490"
"CL","Colgate-Palmolive Co","$96.67","Yes","0.27","$78B (Large)","8,335,500"
"CLH","Clean Harbors Inc","$273.82","Yes","0.94","$15B (Mid)","446,700"
"CLS","Celestica Inc","$280.66","Yes","1.89","$32B (Mid)","3,661,890"
"CLX","Clorox Co","$125.94","Yes","0.58","$15B (Mid)","2,726,940"
"CM","Canadian Imperial Bank of Commerce","$95.82","Yes","1.03","$89B (Large)","915,160"
"CME","CME Group Inc","$303.07","Yes","0.27","$109B (Large)","2,566,950"
"CMI","Cummins Inc","$601.01","Yes","1.11","$83B (Large)","1,442,900"
"CNI","Canadian National Railway Co","$107.60","Yes","0.91","$66B (Large)","2,254,060"
"CNR","Core Natural Resources Inc","$91.51","Yes","0.32","$5B (Small)","816,220"
"COF","Capital One Financial Corp","$207.37","Yes","1.13","$130B (Large)","4,999,780"
"COHR","Coherent Corp","$217.23","Yes","1.86","$41B (Mid)","7,785,100"
"COIN","Coinbase Global Inc","$164.32","Yes","3.75","$43B (Large)","15,391,220"
"COKE","Coca-Cola Consolidated Inc","$161.91","Yes","0.64","$11B (Mid)","435,270"
"COP","ConocoPhillips","$111.43","Yes","0.28","$137B (Large)","8,668,940"
"COR","Cencora Inc","$360.83","Yes","0.69","$70B (Large)","1,711,740"
"COST","Costco Wholesale Corp","$1,018.48","Yes","1.00","$452B (Large)","2,417,020"
"CPAY","Corpay Inc","$337.12","Yes","0.80","$24B (Mid)","915,400"
"CPT","Camden Property Trust","$108.53","Yes","0.83","$11B (Mid)","1,588,030"
"CRDO","Credo Technology Group Holding Ltd","$121.44","Yes","2.66","$22B (Mid)","9,377,670"
"CRH","CRH PLC","$125.97","Yes","1.18","$84B (Large)","4,481,290"
"CRL","Charles River Laboratories International Inc","$161.35","Yes","1.67","$8B (Mid)","1,154,330"
"CRM","Salesforce Inc","$189.72","Yes","1.30","$178B (Large)","15,655,870"
"CROX","Crocs Inc","$96.88","Yes","1.51","$5B (Small)","1,651,780"
"CRS","Carpenter Technology Corp","$379.80","Yes","1.23","$19B (Mid)","1,028,500"
"CRUS","Cirrus Logic Inc","$144.63","Yes","1.11","$7B (Small)","1,078,580"
"CRWD","CrowdStrike Holdings Inc","$429.64","Yes","1.05","$108B (Large)","3,615,390"
"CSL","Carlisle Companies Inc","$409.04","Yes","0.89","$17B (Mid)","736,630"
"CTAS","Cintas Corp","$193.44","Yes","0.95","$77B (Large)","2,180,150"
"CVCO","Cavco Industries Inc","$590.38","Yes","1.27","$5B (Small)","320,790"
"CVNA","Carvana Co","$342.87","Yes","3.60","$75B (Large)","3,924,390"
"CVX","Chevron Corp","$183.74","Yes","0.66","$364B (Large)","13,180,910"
"CW","Curtiss-Wright Corp","$684.22","Yes","0.92","$25B (Mid)","297,570"
"CWST","Casella Waste Systems Inc","$103.72","Yes","0.78","$7B (Small)","598,220"
"DASH","DoorDash Inc","$160.34","Yes","1.84","$69B (Large)","5,868,110"
"DAVE","Dave Inc","$177.28","Yes","3.88","$2B (Small)","602,120"
"DCI","Donaldson Company Inc","$109.46","Yes","0.99","$13B (Mid)","900,200"
"DDOG","Datadog Inc","$125.20","Yes","1.29","$44B (Large)","8,207,590"
"DE","Deere & Co","$602.92","Yes","0.97","$163B (Large)","1,854,980"
"DECK","Deckers Outdoor Corp","$115.73","Yes","1.15","$16B (Mid)","3,636,530"
"DELL","Dell Technologies Inc","$117.49","Yes","1.01","$78B (Large)","8,404,880"
"DEO","Diageo PLC","$99.17","Yes","0.44","$55B (Large)","1,487,290"
"DG","Dollar General Corp","$153.84","Yes","0.24","$34B (Mid)","2,676,250"
"DGX","Quest Diagnostics Inc","$206.87","Yes","0.65","$23B (Mid)","1,438,480"
"DHI","D.R. Horton Inc","$167.78","Yes","1.42","$49B (Large)","3,384,180"
"DHR","Danaher Corp","$212.58","Yes","0.93","$150B (Large)","4,469,980"
"DIS","Walt Disney Co","$105.45","Yes","1.43","$187B (Large)","17,856,180"
"DKS","DICK'S Sporting Goods Inc","$201.25","Yes","1.24","$18B (Mid)","1,105,240"
"DLR","Digital Realty Trust Inc","$180.97","Yes","1.12","$62B (Large)","2,419,510"
"DLTR","Dollar Tree Inc","$126.06","Yes","0.72","$25B (Mid)","2,873,380"
"DOV","Dover Corp","$231.63","Yes","1.25","$32B (Mid)","1,679,720"
"DPZ","Domino's Pizza Inc","$375.50","Yes","1.18","$13B (Mid)","946,820"
"DRI","Darden Restaurants Inc","$211.50","Yes","0.60","$24B (Mid)","1,406,460"
"DTE","DTE Energy Co","$144.94","Yes","0.49","$30B (Mid)","1,839,750"
"DTM","DT Midstream Inc","$133.21","Yes","0.78","$14B (Mid)","717,710"
"DUK","Duke Energy Corp","$128.20","Yes","0.50","$100B (Large)","5,233,430"
"DUOL","Duolingo Inc","$112.57","Yes","0.89","$5B (Small)","3,255,150"
"DVA","DaVita Inc","$148.95","Yes","0.92","$10B (Mid)","2,122,690"
"DY","Dycom Industries Inc","$427.48","Yes","1.34","$13B (Mid)","501,300"
"EA","Electronic Arts Inc","$200.62","Yes","0.75","$50B (Large)","4,637,440"
"EAT","Brinker International Inc","$161.07","Yes","1.33","$7B (Small)","1,358,130"
"ECL","Ecolab Inc","$299.17","Yes","0.97","$85B (Large)","1,564,830"
"ED","Consolidated Edison Inc","$113.72","Yes","0.38","$41B (Mid)","1,970,750"
"EFX","Equifax Inc","$192.80","Yes","1.57","$23B (Mid)","3,140,620"
"EG","Everest Group Ltd","$338.03","Yes","0.33","$14B (Mid)","471,430"
"EGP","Eastgroup Properties Inc","$190.92","Yes","1.11","$10B (Mid)","477,080"
"EHC","Encompass Health Corp","$110.14","Yes","0.70","$11B (Mid)","2,057,100"
"EL","Estee Lauder Companies Inc","$108.24","Yes","1.11","$39B (Mid)","6,243,610"
"ELV","Elevance Health Inc","$346.80","Yes","0.51","$77B (Large)","1,746,680"
"EME","EMCOR Group Inc","$800.82","Yes","1.14","$36B (Mid)","388,630"
"EMR","Emerson Electric Co","$148.13","Yes","1.25","$83B (Large)","5,660,800"
"ENS","EnerSys","$179.20","Yes","1.10","$7B (Small)","718,400"
"ENSG","Ensign Group Inc","$213.34","Yes","0.81","$12B (Mid)","555,910"
"ENTG","Entegris Inc","$131.43","Yes","1.29","$20B (Mid)","4,433,020"
"ENVA","Enova International Inc","$149.12","Yes","1.24","$4B (Small)","506,030"
"EOG","EOG Resources Inc","$120.73","Yes","0.45","$66B (Large)","5,361,510"
"EPAM","Epam Systems Inc","$166.37","Yes","1.76","$9B (Mid)","1,239,230"
"EQIX","Equinix Inc","$956.19","Yes","1.02","$94B (Large)","777,000"
"ESAB","ESAB Corp","$134.82","Yes","1.17","$8B (Mid)","795,340"
"ESE","ESCO Technologies Inc","$268.41","Yes","1.16","$7B (Small)","267,530"
"ESS","Essex Property Trust Inc","$251.16","Yes","0.73","$16B (Mid)","694,070"
"ETN","Eaton Corporation PLC","$389.25","Yes","1.15","$154B (Large)","3,855,800"
"ETR","Entergy Corp","$105.07","Yes","0.64","$48B (Large)","3,036,510"
"EVR","Evercore Inc","$322.28","Yes","1.58","$13B (Mid)","688,690"
"EWBC","East West Bancorp Inc","$117.83","Yes","0.88","$16B (Mid)","970,120"
"EXAS","Exact Sciences Corp","$103.23","Yes","1.41","$20B (Mid)","2,371,880"
"EXE","Expand Energy Corp","$104.05","Yes","0.47","$25B (Mid)","3,486,480"
"EXP","Eagle Materials Inc","$235.11","Yes","1.33","$7B (Small)","612,470"
"EXPD","Expeditors International of Washington Inc","$146.50","Yes","1.15","$20B (Mid)","2,138,080"
"EXPE","Expedia Group Inc","$212.67","Yes","1.41","$26B (Mid)","3,694,270"
"EXR","Extra Space Storage Inc","$146.36","Yes","1.25","$31B (Mid)","1,483,350"
"FANG","Diamondback Energy Inc","$169.14","Yes","0.57","$48B (Large)","2,104,880"
"FCFS","Firstcash Holdings Inc","$181.89","Yes","0.47","$8B (Mid)","325,400"
"FCN","FTI Consulting Inc","$162.81","Yes","0.10","$5B (Small)","323,830"
"FDS","Factset Research Systems Inc","$205.79","Yes","0.77","$8B (Mid)","1,605,460"
"FDX","FedEx Corp","$374.72","Yes","1.30","$88B (Large)","2,475,050"
"FELE","Franklin Electric Co Inc","$108.94","Yes","1.06","$5B (Small)","416,200"
"FERG","Ferguson Enterprises Inc","$261.36","Yes","1.13","$51B (Large)","1,521,740"
"FFIV","F5 Inc","$273.93","Yes","1.02","$15B (Mid)","739,380"
"FICO","Fair Isaac Corp","$1,344.74","Yes","1.29","$32B (Mid)","395,650"
"FIVE","Five Below Inc","$205.93","Yes","1.12","$11B (Mid)","944,120"
"FIX","Comfort Systems USA Inc","$1,337.95","Yes","1.64","$47B (Large)","399,960"
"FLUT","Flutter Entertainment PLC","$125.17","Yes","1.17","$22B (Mid)","4,998,720"
"FMX","Fomento Economico Mexicano SAB de CV","$114.39","Yes","0.41","$23B (Mid)","486,510"
"FN","Fabrinet","$495.55","Yes","1.04","$18B (Mid)","955,950"
"FORM","FormFactor Inc","$96.73","Yes","1.02","$7B (Small)","1,818,420"
"FRT","Federal Realty Investment Trust","$104.80","Yes","1.00","$9B (Mid)","1,051,940"
"FSLR","First Solar Inc","$225.65","Yes","1.63","$24B (Mid)","2,386,180"
"FSS","Federal Signal Corp","$120.49","Yes","1.31","$7B (Small)","414,300"
"FTAI","FTAI Aviation Ltd","$279.85","Yes","1.51","$29B (Mid)","1,426,190"
"FUTU","Futu Holdings Ltd","$146.72","Yes","0.38","$14B (Mid)","1,909,340"
"GD","General Dynamics Corp","$347.64","Yes","0.41","$94B (Large)","1,500,610"
"GE","GE Aerospace","$315.41","Yes","1.39","$331B (Large)","5,631,960"
"GFF","Griffon Corp","$93.60","Yes","1.29","$4B (Small)","508,940"
"GGG","Graco Inc","$94.67","Yes","1.06","$16B (Mid)","1,358,920"
"GH","Guardant Health Inc","$104.85","Yes","1.67","$14B (Mid)","2,332,260"
"GILD","Gilead Sciences Inc","$154.98","Yes","0.37","$192B (Large)","8,782,290"
"GKOS","Glaukos Corp","$109.47","Yes","0.73","$6B (Small)","680,380"
"GL","Globe Life Inc","$144.25","Yes","0.46","$11B (Mid)","637,840"
"GLW","Corning Inc","$133.46","Yes","1.06","$115B (Large)","12,217,320"
"GNRC","Generac Holdings Inc","$224.45","Yes","1.74","$13B (Mid)","1,538,200"
"GOLF","Acushnet Holdings Corp","$99.56","Yes","0.89","$6B (Small)","388,590"
"GOOGL","Alphabet Inc","$305.72","Yes","1.11","$2T (Large)","48,671,920"
"GPC","Genuine Parts Co","$147.16","Yes","0.71","$20B (Mid)","1,278,310"
"GPOR","Gulfport Energy Corp","$203.97","Yes","0.61","$4B (Small)","259,630"
"GRMN","Garmin Ltd","$214.74","Yes","0.99","$41B (Large)","957,300"
"GS","Goldman Sachs Group Inc","$905.14","Yes","1.32","$271B (Large)","2,675,790"
"GTLS","Chart Industries Inc","$206.77","Yes","1.73","$9B (Mid)","1,225,640"
"GVA","Granite Construction Inc","$130.93","Yes","1.31","$6B (Small)","677,250"
"GWRE","Guidewire Software Inc","$127.03","Yes","1.09","$11B (Mid)","2,121,200"
"GWW","WW Grainger Inc","$1,131.42","Yes","1.10","$54B (Large)","444,250"
"H","Hyatt Hotels Corp","$165.39","Yes","1.21","$16B (Mid)","1,139,050"
"HAS","Hasbro Inc","$102.45","Yes","0.51","$14B (Mid)","3,041,830"
"HCA","HCA Healthcare Inc","$540.29","Yes","1.34","$121B (Large)","1,163,390"
"HD","Home Depot Inc","$391.05","Yes","1.08","$389B (Large)","4,194,970"
"HEI","HEICO Corp","$332.52","Yes","1.00","$18B (Mid)","412,270"
"HIG","Hartford Insurance Group Inc","$141.25","Yes","0.59","$39B (Mid)","1,841,660"
"HII","Huntington Ingalls Industries Inc","$418.78","Yes","0.34","$16B (Mid)","695,860"
"HLI","Houlihan Lokey Inc","$165.84","Yes","0.96","$12B (Mid)","624,210"
"HLNE","Hamilton Lane Inc","$122.76","Yes","1.31","$7B (Small)","626,190"
"HLT","Hilton Worldwide Holdings Inc","$314.62","Yes","1.09","$72B (Large)","2,499,880"
"HON","Honeywell International Inc","$241.38","Yes","0.92","$153B (Large)","4,832,620"
"HRI","Herc Holdings Inc","$173.12","Yes","1.68","$6B (Small)","604,890"
"HSY","Hershey Co","$222.58","Yes","0.13","$45B (Large)","2,914,230"
"HUBB","Hubbell Inc","$524.12","Yes","0.99","$28B (Mid)","793,740"
"HUBS","HubSpot Inc","$243.85","Yes","1.43","$13B (Mid)","2,945,190"
"HUM","Humana Inc","$184.10","Yes","0.46","$22B (Mid)","3,141,140"
"HURN","Huron Consulting Group Inc","$125.36","Yes","0.16","$2B (Small)","494,120"
"HWM","Howmet Aerospace Inc","$250.21","Yes","1.21","$100B (Large)","3,421,220"
"IBM","International Business Machines Corp","$262.38","Yes","0.72","$245B (Large)","6,863,230"
"IBP","Installed Building Products Inc","$344.19","Yes","1.89","$9B (Mid)","363,740"
"ICE","Intercontinental Exchange Inc","$152.28","Yes","1.06","$86B (Large)","6,078,160"
"ICLR","ICON PLC","$93.00","Yes","1.41","$7B (Small)","3,788,010"
"ICUI","ICU Medical Inc","$144.90","Yes","0.80","$4B (Small)","279,410"
"IDA","Idacorp Inc","$144.26","Yes","0.58","$8B (Mid)","559,080"
"IDCC","InterDigital Inc","$375.01","Yes","1.56","$10B (Mid)","359,400"
"IDXX","IDEXX Laboratories Inc","$629.35","Yes","1.67","$50B (Large)","633,870"
"IESC","IES Holdings Inc","$518.16","Yes","1.66","$10B (Mid)","269,200"
"IEX","IDEX Corp","$210.41","Yes","0.97","$16B (Mid)","1,385,050"
"ILMN","Illumina Inc","$116.81","Yes","1.49","$18B (Mid)","2,769,500"
"IMO","Imperial Oil Ltd","$119.76","Yes","0.66","$58B (Large)","820,140"
"INCY","Incyte Corp","$101.10","Yes","0.84","$20B (Mid)","2,234,780"
"INGR","Ingredion Inc","$118.31","Yes","0.68","$7B (Small)","1,026,930"
"INSM","Insmed Inc","$148.75","Yes","1.14","$32B (Mid)","2,259,890"
"INTU","Intuit Inc","$399.40","Yes","1.28","$111B (Large)","4,949,050"
"IPGP","IPG Photonics Corp","$153.91","Yes","0.87","$6B (Small)","863,280"
"IQV","IQVIA Holdings Inc","$166.94","Yes","1.42","$28B (Mid)","3,577,070"
"IR","Ingersoll Rand Inc","$98.52","Yes","1.28","$39B (Mid)","6,819,080"
"IRM","Iron Mountain Inc","$109.83","Yes","1.14","$32B (Mid)","2,465,180"
"IRTC","Irhythm Technologies Inc","$144.21","Yes","1.08","$5B (Small)","702,330"
"ISRG","Intuitive Surgical Inc","$485.84","Yes","1.67","$173B (Large)","2,538,920"
"IT","Gartner Inc","$158.58","Yes","1.09","$11B (Mid)","2,961,190"
"ITT","ITT Inc","$203.11","Yes","1.33","$17B (Mid)","1,313,160"
"ITW","Illinois Tool Works Inc","$299.60","Yes","1.12","$87B (Large)","2,138,320"
"J","Jacobs Solutions Inc","$132.79","Yes","0.79","$16B (Mid)","1,292,260"
"JAZZ","Jazz Pharmaceuticals PLC","$166.31","Yes","0.25","$10B (Mid)","752,430"
"JBHT","J B Hunt Transport Services Inc","$221.76","Yes","1.24","$21B (Mid)","1,574,470"
"JBL","Jabil Inc","$254.58","Yes","1.23","$27B (Mid)","1,023,200"
"JBTM","JBT Marel Corp","$163.74","Yes","0.96","$9B (Mid)","518,090"
"JCI","Johnson Controls International PLC","$139.24","Yes","1.39","$85B (Large)","6,567,200"
"JKHY","Jack Henry & Associates Inc","$156.69","Yes","0.74","$11B (Mid)","1,471,320"
"JLL","Jones Lang LaSalle Inc","$289.15","Yes","1.45","$14B (Mid)","814,160"
"JNJ","Johnson & Johnson","$243.45","Yes","0.33","$587B (Large)","8,892,260"
"JPM","JPMorgan Chase & Co","$302.55","Yes","1.05","$816B (Large)","11,504,130"
"JXN","Jackson Financial Inc","$113.80","Yes","1.47","$8B (Mid)","589,500"
"KB","KB Financial Group Inc","$113.95","Yes","1.06","$41B (Mid)","360,700"
"KEX","Kirby Corp","$124.93","Yes","0.84","$7B (Small)","775,940"
"KEYS","Keysight Technologies Inc","$233.51","Yes","1.18","$40B (Mid)","1,182,630"
"KKR","KKR & Co Inc","$101.73","Yes","1.99","$91B (Large)","10,823,380"
"KLAC","KLA Corp","$1,464.13","Yes","1.45","$192B (Large)","1,553,260"
"KMB","Kimberly-Clark Corp","$109.41","Yes","0.26","$36B (Mid)","6,579,890"
"L","Loews Corp","$108.78","Yes","0.60","$22B (Mid)","865,190"
"LAD","Lithia Motors Inc","$301.32","Yes","1.19","$7B (Small)","394,320"
"LAMR","Lamar Advertising Co","$131.79","Yes","1.24","$13B (Mid)","532,710"
"LCII","LCI Industries","$157.13","Yes","1.30","$4B (Small)","275,240"
"LDOS","Leidos Holdings Inc","$176.30","Yes","0.64","$23B (Mid)","957,300"
"LEA","Lear Corp","$137.87","Yes","1.25","$7B (Small)","793,520"
"LECO","Lincoln Electric Holdings Inc","$293.68","Yes","1.24","$16B (Mid)","680,160"
"LEN","Lennar Corp","$122.28","Yes","1.44","$26B (Mid)","2,839,550"
"LEU","Centrus Energy Corp","$199.19","Yes","1.30","$4B (Small)","1,548,730"
"LFUS","Littelfuse Inc","$359.55","Yes","1.39","$9B (Mid)","278,140"
"LH","Labcorp Holdings Inc","$282.63","Yes","1.01","$23B (Mid)","725,470"
"LHX","L3Harris Technologies Inc","$345.50","Yes","0.64","$65B (Large)","1,369,340"
"LII","Lennox International Inc","$566.65","Yes","1.15","$20B (Mid)","582,690"
"LIN","Linde PLC","$481.00","Yes","0.84","$225B (Large)","3,025,650"
"LITE","Lumentum Holdings Inc","$562.74","Yes","1.41","$40B (Mid)","6,786,920"
"LLY","Eli Lilly and Co","$1,040.00","Yes","0.40","$981B (Large)","4,444,820"
"LMT","Lockheed Martin Corp","$652.58","Yes","0.23","$150B (Large)","1,737,490"
"LNG","Cheniere Energy Inc","$220.79","Yes","0.26","$48B (Large)","1,641,190"
"LOPE","Grand Canyon Education Inc","$161.09","Yes","0.72","$5B (Small)","266,240"
"LOW","Lowe's Companies Inc","$287.39","Yes","0.96","$161B (Large)","2,897,900"
"LPLA","LPL Financial Holdings Inc","$334.70","Yes","0.58","$27B (Mid)","1,491,680"
"LPX","Louisiana-Pacific Corp","$93.62","Yes","1.74","$7B (Small)","1,354,900"
"LRCX","Lam Research Corp","$235.53","Yes","1.78","$294B (Large)","12,764,240"
"LSCC","Lattice Semiconductor Corp","$97.63","Yes","1.61","$13B (Mid)","2,791,030"
"LSTR","Landstar System Inc","$142.36","Yes","0.85","$5B (Small)","684,130"
"LULU","Lululemon Athletica Inc","$176.42","Yes","1.01","$21B (Mid)","2,342,960"
"LYV","Live Nation Entertainment Inc","$158.27","Yes","1.12","$37B (Mid)","2,705,700"
"MA","Mastercard Inc","$518.36","Yes","0.82","$462B (Large)","4,095,790"
"MAA","Mid-America Apartment Communities Inc","$135.55","Yes","0.78","$16B (Mid)","1,268,380"
"MANH","Manhattan Associates Inc","$140.45","Yes","1.05","$8B (Mid)","1,327,490"
"MAR","Marriott International Inc","$353.89","Yes","1.07","$94B (Large)","1,913,330"
"MASI","Masimo Corp","$130.15","Yes","1.26","$7B (Small)","628,500"
"MATX","Matson Inc","$162.18","Yes","1.33","$5B (Small)","287,590"
"MCD","McDonald's Corp","$327.58","Yes","0.52","$233B (Large)","3,914,120"
"MCK","McKesson Corp","$934.75","Yes","0.39","$114B (Large)","1,128,080"
"MCO","Moody's Corp","$426.44","Yes","1.48","$76B (Large)","2,121,550"
"MCY","Mercury General Corp","$93.47","Yes","0.92","$5B (Small)","272,310"
"MDB","MongoDB Inc","$368.40","Yes","1.39","$30B (Mid)","1,798,040"
"MDT","Medtronic PLC","$99.49","Yes","0.72","$128B (Large)","9,332,130"
"MEDP","Medpace Holdings Inc","$428.03","Yes","1.47","$12B (Mid)","551,420"
"MELI","MercadoLibre Inc","$1,988.26","Yes","1.46","$101B (Large)","577,470"
"META","Meta Platforms Inc","$639.77","Yes","1.30","$2T (Large)","15,862,150"
"MHK","Mohawk Industries Inc","$132.60","Yes","1.17","$8B (Mid)","957,050"
"MHO","M/I Homes Inc","$149.58","Yes","1.75","$4B (Small)","295,790"
"MIDD","Middleby Corp","$163.93","Yes","1.36","$8B (Mid)","535,440"
"MIRM","Mirum Pharmaceuticals Inc","$103.10","Yes","0.51","$5B (Small)","651,400"
"MKSI","MKS Inc","$260.74","Yes","1.92","$18B (Mid)","1,923,510"
"MKTX","Marketaxess Holdings Inc","$179.36","Yes","0.94","$7B (Small)","780,920"
"MLI","Mueller Industries Inc","$119.46","Yes","1.05","$13B (Mid)","1,346,450"
"MLM","Martin Marietta Materials Inc","$678.86","Yes","1.13","$41B (Mid)","580,700"
"MMM","3M Co","$171.82","Yes","1.04","$90B (Large)","4,803,150"
"MOD","Modine Manufacturing Co","$216.50","Yes","1.66","$11B (Mid)","2,135,930"
"MOG/A","Moog Inc","$324.63","Yes","0.94","$9B (Mid)","288,600"
"MOH","Molina Healthcare Inc","$135.35","Yes","0.56","$7B (Small)","2,985,510"
"MORN","Morningstar Inc","$160.03","Yes","1.13","$7B (Small)","867,020"
"MPC","Marathon Petroleum Corp","$203.26","Yes","0.68","$60B (Large)","2,612,110"
"MPWR","Monolithic Power Systems Inc","$1,171.47","Yes","1.45","$57B (Large)","919,260"
"MRK","Merck & Co Inc","$121.41","Yes","0.28","$301B (Large)","17,424,960"
"MRSH","Marsh & McLennan Companies Inc","$174.06","Yes","0.75","$84B (Large)","3,852,240"
"MS","Morgan Stanley","$171.15","Yes","1.20","$271B (Large)","8,999,270"
"MSCI","MSCI Inc","$526.06","Yes","1.31","$39B (Mid)","1,024,680"
"MSFT","Microsoft Corp","$401.32","Yes","1.10","$3T (Large)","50,065,950"
"MSI","Motorola Solutions Inc","$461.76","Yes","0.97","$76B (Large)","1,323,100"
"MSM","MSC Industrial Direct Co Inc","$94.04","Yes","0.79","$5B (Small)","867,240"
"MSTR","Strategy Inc","$133.88","Yes","3.57","$42B (Large)","32,387,700"
"MTB","M&T Bank Corp","$228.71","Yes","0.57","$35B (Mid)","1,427,300"
"MTN","Vail Resorts Inc","$134.32","Yes","0.78","$5B (Small)","824,760"
"MTSI","MACOM Technology Solutions Holdings Inc","$244.16","Yes","1.41","$18B (Mid)","1,750,940"
"MTZ","MasTec Inc","$269.53","Yes","1.90","$21B (Mid)","941,180"
"MU","Micron Technology Inc","$411.66","Yes","1.51","$463B (Large)","42,628,530"
"MUSA","Murphy USA Inc","$407.45","Yes","0.41","$8B (Small)","476,330"
"MZTI","Marzetti Co","$159.74","Yes","0.42","$4B (Small)","295,440"
"NBIX","Neurocrine Biosciences Inc","$124.12","Yes","0.34","$12B (Mid)","1,408,350"
"NDSN","Nordson Corp","$298.19","Yes","0.98","$17B (Mid)","510,290"
"NEE","Nextera Energy Inc","$93.80","Yes","0.75","$195B (Large)","8,966,530"
"NEM","Newmont Corporation","$125.80","Yes","0.43","$137B (Large)","11,083,380"
"NET","Cloudflare Inc","$195.85","Yes","1.97","$69B (Large)","7,373,640"
"NGG","National Grid PLC","$92.40","Yes","0.76","$92B (Large)","1,160,920"
"NICE","Nice Ltd","$103.55","Yes","0.97","$6B (Small)","1,134,760"
"NOC","NORTHROP GRUMMAN CORP","$702.57","Yes","0.04","$100B (Large)","969,220"
"NOVT","Novanta Inc","$146.39","Yes","1.60","$5B (Small)","387,850"
"NOW","ServiceNow Inc","$107.08","Yes","1.00","$112B (Large)","28,758,260"
"NPO","Enpro Inc","$272.63","Yes","1.54","$6B (Small)","269,780"
"NRG","NRG Energy Inc","$172.35","Yes","1.27","$33B (Mid)","2,129,920"
"NSC","Norfolk Southern Corp","$314.94","Yes","1.30","$71B (Large)","1,379,170"
"NTAP","NetApp Inc","$102.42","Yes","1.38","$20B (Mid)","2,656,220"
"NTES","NetEase Inc","$120.61","Yes","0.74","$76B (Large)","1,238,540"
"NTRA","Natera Inc","$206.23","Yes","1.65","$29B (Mid)","1,272,120"
"NTRS","Northern Trust Corp","$146.38","Yes","1.28","$27B (Mid)","1,291,670"
"NUE","Nucor Corp","$183.23","Yes","1.82","$42B (Large)","2,066,150"
"NUVL","Nuvalent Inc","$100.82","Yes","1.33","$8B (Mid)","491,560"
"NVDA","NVIDIA Corp","$182.81","Yes","2.32","$4T (Large)","186,125,370"
"NVS","Novartis AG","$163.10","Yes","0.49","$313B (Large)","2,958,560"
"NVT","nVent Electric PLC","$113.25","Yes","1.31","$18B (Mid)","3,298,100"
"NXPI","NXP Semiconductors NV","$244.43","Yes","1.43","$62B (Large)","4,325,720"
"NXST","Nexstar Media Group Inc","$231.18","Yes","0.79","$7B (Small)","475,950"
"OC","Owens Corning","$134.19","Yes","1.31","$11B (Mid)","1,532,030"
"ODFL","Old Dominion Freight Line Inc","$193.21","Yes","1.25","$40B (Mid)","3,629,230"
"OLED","Universal Display Corp","$124.90","Yes","1.61","$6B (Small)","982,790"
"OLLI","Ollie's Bargain Outlet Holdings Inc","$113.70","Yes","0.52","$7B (Small)","920,450"
"ONC","BeOne Medicines AG","$346.07","Yes","0.52","$38B (Mid)","259,120"
"ONTO","Onto Innovation Inc","$217.23","Yes","1.46","$11B (Mid)","921,570"
"ORA","Ormat Technologies Inc","$118.19","Yes","0.81","$7B (Small)","649,920"
"ORCL","Oracle Corp","$160.14","Yes","1.64","$460B (Large)","37,097,130"
"ORLY","O'Reilly Automotive Inc","$96.66","Yes","0.63","$81B (Large)","7,499,360"
"OSIS","OSI Systems Inc","$268.61","Yes","1.33","$4B (Small)","312,190"
"OSK","Oshkosh Corp","$171.08","Yes","1.36","$11B (Mid)","1,095,960"
"PAG","Penske Automotive Group Inc","$171.35","Yes","0.87","$11B (Mid)","321,730"
"PANW","Palo Alto Networks Inc","$166.95","Yes","0.77","$135B (Large)","17,007,910"
"PATK","Patrick Industries Inc","$143.10","Yes","1.31","$5B (Small)","432,750"
"PAYC","Paycom Software Inc","$125.31","Yes","0.82","$7B (Small)","2,076,550"
"PAYX","Paychex Inc","$94.38","Yes","0.91","$34B (Mid)","4,639,650"
"PCAR","Paccar Inc","$127.00","Yes","1.04","$67B (Large)","3,660,330"
"PCTY","Paylocity Holding Corp","$107.13","Yes","0.60","$6B (Small)","1,462,380"
"PEN","Penumbra Inc","$339.30","Yes","0.82","$13B (Mid)","1,032,150"
"PEP","PepsiCo Inc","$165.94","Yes","0.39","$227B (Large)","11,863,960"
"PFG","Principal Financial Group Inc","$90.39","Yes","0.89","$20B (Mid)","1,796,100"
"PFGC","Performance Food Group Co","$98.00","Yes","0.90","$15B (Mid)","4,591,150"
"PFSI","PennyMac Financial Services Inc","$92.01","Yes","1.56","$5B (Small)","1,991,110"
"PG","Procter & Gamble Co","$160.07","Yes","0.37","$372B (Large)","11,640,910"
"PGR","Progressive Corp","$204.53","Yes","0.32","$120B (Large)","3,717,430"
"PH","Parker-Hannifin Corp","$1,001.75","Yes","1.23","$126B (Large)","757,460"
"PHM","Pultegroup Inc","$142.56","Yes","1.31","$27B (Mid)","2,048,230"
"PI","Impinj Inc","$121.04","Yes","1.59","$4B (Small)","1,196,320"
"PJT","PJT Partners Inc","$154.24","Yes","0.86","$6B (Small)","467,190"
"PKG","Packaging Corp of America","$246.31","Yes","0.87","$22B (Mid)","1,072,910"
"PLD","Prologis Inc","$138.97","Yes","1.42","$129B (Large)","3,468,440"
"PLMR","Palomar Holdings Inc","$132.10","Yes","0.45","$4B (Small)","371,900"
"PLNT","Planet Fitness Inc","$90.70","Yes","1.24","$8B (Small)","1,551,080"
"PLTR","Palantir Technologies Inc","$131.41","Yes","1.72","$313B (Large)","74,379,360"
"PLXS","Plexus Corp","$201.28","Yes","0.80","$5B (Small)","448,360"
"PM","Philip Morris International Inc","$187.51","Yes","0.40","$292B (Large)","6,868,370"
"PNC","PNC Financial Services Group Inc","$229.32","Yes","0.96","$89B (Large)","2,779,440"
"PNFP","Pinnacle Financial Partners Inc","$96.13","Yes","1.01","$15B (Mid)","1,598,500"
"PNR","Pentair PLC","$101.37","Yes","1.23","$17B (Mid)","2,812,620"
"PNW","Pinnacle West Capital Corp","$99.39","Yes","0.53","$12B (Mid)","1,167,300"
"PODD","Insulet Corp","$242.74","Yes","1.43","$17B (Mid)","1,055,650"
"POOL","Pool Corp","$265.83","Yes","1.21","$10B (Mid)","766,310"
"POST","Post Holdings Inc","$111.90","Yes","0.43","$5B (Small)","1,296,510"
"POWL","Powell Industries Inc","$585.07","Yes","0.78","$7B (Small)","426,100"
"PPG","PPG Industries Inc","$131.34","Yes","1.12","$29B (Mid)","2,290,590"
"PRAX","Praxis Precision Medicines Inc","$317.25","Yes","2.88","$9B (Mid)","496,500"
"PRI","Primerica Inc","$250.89","Yes","0.92","$8B (Mid)","311,670"
"PRIM","Primoris Services Corp","$166.53","Yes","1.34","$9B (Mid)","728,880"
"PRU","Prudential Financial Inc","$104.61","Yes","0.96","$36B (Mid)","3,329,910"
"PSA","Public Storage","$300.35","Yes","1.00","$53B (Large)","1,179,590"
"PSIX","Power Solutions International Inc","$92.72","Yes","2.00","$2B (Small)","513,360"
"PSMT","PriceSmart Inc","$155.68","Yes","0.75","$5B (Small)","257,390"
"PSX","Phillips 66","$159.77","Yes","0.84","$64B (Large)","2,630,800"
"PTC","PTC Inc","$156.77","Yes","1.04","$19B (Mid)","1,685,510"
"PWR","Quanta Services Inc","$524.08","Yes","1.11","$78B (Large)","1,289,280"
"QCOM","Qualcomm Inc","$140.70","Yes","1.25","$150B (Large)","13,773,990"
"QLYS","Qualys Inc","$104.91","Yes","0.61","$4B (Small)","921,160"
"R","Ryder System Inc","$213.77","Yes","0.93","$8B (Mid)","494,490"
"RBA","RB Global Inc","$102.00","Yes","0.58","$19B (Mid)","1,752,720"
"RBC","RBC Bearings Inc","$552.44","Yes","1.47","$17B (Mid)","291,510"
"RCL","Royal Caribbean Cruises Ltd","$319.61","Yes","1.86","$86B (Large)","2,190,450"
"REGN","Regeneron Pharmaceuticals Inc","$803.17","Yes","0.40","$85B (Large)","869,760"
"RGA","Reinsurance Group of America Inc","$219.74","Yes","0.49","$14B (Mid)","574,330"
"RGEN","Repligen Corp","$136.44","Yes","1.15","$8B (Mid)","865,570"
"RGLD","Royal Gold Inc","$286.10","Yes","0.49","$24B (Mid)","1,080,420"
"RH","RH","$205.06","Yes","2.11","$4B (Small)","823,980"
"RHP","Ryman Hospitality Properties Inc","$100.52","Yes","1.17","$6B (Small)","501,730"
"RIO","Rio Tinto PLC","$98.07","Yes","0.53","$123B (Large)","4,555,870"
"RJF","Raymond James Financial Inc","$158.68","Yes","1.01","$31B (Mid)","1,914,500"
"RL","Ralph Lauren Corp","$369.18","Yes","1.48","$22B (Mid)","946,460"
"RMBS","Rambus Inc","$101.95","Yes","1.56","$11B (Mid)","4,584,680"
"RMD","Resmed Inc","$252.55","Yes","0.89","$37B (Mid)","1,591,380"
"RNR","Renaissancere Holdings Ltd","$301.37","Yes","0.20","$13B (Mid)","521,060"
"ROAD","Construction Partners Inc","$133.93","Yes","0.82","$8B (Small)","787,550"
"ROK","Rockwell Automation Inc","$394.37","Yes","1.54","$44B (Large)","1,486,480"
"ROKU","Roku Inc","$90.06","Yes","2.01","$13B (Mid)","4,761,790"
"ROP","Roper Technologies Inc","$321.41","Yes","0.96","$34B (Mid)","2,528,840"
"ROST","Ross Stores Inc","$196.54","Yes","0.98","$64B (Large)","2,493,700"
"RPM","RPM International Inc","$118.21","Yes","1.07","$15B (Mid)","1,224,710"
"RRX","Regal Rexnord Corp","$220.19","Yes","1.05","$15B (Mid)","2,006,200"
"RS","Reliance Inc","$343.43","Yes","0.88","$18B (Mid)","397,140"
"RSG","Republic Services Inc","$223.17","Yes","0.55","$69B (Large)","1,608,380"
"RTX","RTX Corp","$200.06","Yes","0.42","$269B (Large)","6,686,620"
"RVMD","Revolution Medicines Inc","$96.31","Yes","1.00","$19B (Mid)","2,052,420"
"RVTY","Revvity Inc","$96.03","Yes","1.11","$11B (Mid)","1,776,730"
"RY","Royal Bank of Canada","$169.47","Yes","0.78","$237B (Large)","1,412,590"
"RYTM","Rhythm Pharmaceuticals Inc","$98.07","Yes","2.06","$7B (Small)","761,900"
"SAIA","Saia Inc","$384.91","Yes","2.04","$10B (Mid)","809,310"
"SANM","Sanmina Corp","$145.81","Yes","1.03","$8B (Mid)","1,031,860"
"SAP","SAP SE","$204.53","Yes","1.17","$239B (Large)","4,939,010"
"SATS","EchoStar Corp","$113.15","Yes","1.02","$33B (Mid)","5,131,400"
"SBAC","SBA Communications Corp","$200.77","Yes","0.85","$21B (Mid)","987,620"
"SBUX","Starbucks Corp","$93.79","Yes","0.92","$107B (Large)","8,388,570"
"SCCO","Southern Copper Corp","$198.00","Yes","1.06","$164B (Large)","2,685,300"
"SCHW","Charles Schwab Corp","$93.72","Yes","0.93","$167B (Large)","16,322,530"
"SE","Sea Ltd","$106.74","Yes","1.59","$63B (Large)","7,431,900"
"SF","Stifel Financial Corp","$119.00","Yes","1.12","$12B (Mid)","1,377,820"
"SGI","Somnigroup International Inc","$96.04","Yes","1.27","$20B (Mid)","2,160,590"
"SHOP","Shopify Inc","$112.70","Yes","2.85","$147B (Large)","23,532,900"
"SHW","Sherwin-Williams Co","$368.89","Yes","1.24","$91B (Large)","2,076,480"
"SIG","Signet Jewelers Ltd","$90.09","Yes","1.26","$4B (Small)","865,330"
"SIMO","Silicon Motion Technology Corp","$136.28","Yes","0.99","$5B (Small)","977,250"
"SITE","SiteOne Landscape Supply Inc","$157.04","Yes","1.56","$7B (Small)","832,410"
"SITM","SiTime Corp","$420.23","Yes","2.50","$11B (Mid)","522,020"
"SJM","J M Smucker Co","$110.53","Yes","0.22","$12B (Mid)","1,734,310"
"SKY","Champion Homes Inc","$96.14","Yes","1.01","$5B (Small)","1,132,600"
"SKYW","SkyWest Inc","$104.17","Yes","1.58","$4B (Small)","293,530"
"SLAB","Silicon Laboratories Inc","$207.27","Yes","1.42","$7B (Small)","2,019,550"
"SNA","Snap-On Inc","$384.61","Yes","0.78","$20B (Mid)","493,010"
"SNEX","StoneX Group Inc","$127.42","Yes","0.42","$7B (Small)","561,370"
"SNOW","Snowflake Inc","$182.29","Yes","1.17","$62B (Large)","8,947,390"
"SNPS","Synopsys Inc","$437.09","Yes","1.14","$84B (Large)","3,010,560"
"SNX","TD Synnex Corp","$161.54","Yes","1.37","$13B (Mid)","752,260"
"SO","Southern Co","$94.95","Yes","0.44","$105B (Large)","6,613,900"
"SPG","Simon Property Group Inc","$196.83","Yes","1.39","$68B (Large)","2,040,430"
"SPGI","S&P Global Inc","$409.54","Yes","1.25","$122B (Large)","5,034,630"
"SPHR","Sphere Entertainment Co","$115.70","Yes","1.61","$4B (Small)","859,680"
"SPOT","Spotify Technology SA","$458.34","Yes","1.69","$94B (Large)","5,531,730"
"SPXC","SPX Technologies Inc","$239.00","Yes","1.29","$12B (Mid)","365,530"
"SR","Spire Inc","$91.84","Yes","0.65","$5B (Small)","487,190"
"SRE","Sempra","$94.78","Yes","0.73","$62B (Large)","4,722,720"
"SSB","SouthState Bank Corp","$104.11","Yes","0.72","$10B (Mid)","830,990"
"SSD","Simpson Manufacturing Co Inc","$209.01","Yes","1.32","$9B (Mid)","318,750"
"STE","STERIS plc","$248.35","Yes","1.06","$24B (Mid)","1,254,150"
"STLD","Steel Dynamics Inc","$191.68","Yes","1.42","$28B (Mid)","1,455,530"
"STRL","Sterling Infrastructure Inc","$437.77","Yes","1.46","$13B (Mid)","531,840"
"STT","State Street Corp","$127.97","Yes","1.45","$36B (Mid)","2,042,810"
"STX","Seagate Technology Holdings PLC","$425.99","Yes","1.62","$93B (Large)","5,252,840"
"STZ","Constellation Brands Inc","$149.30","Yes","0.43","$26B (Mid)","2,199,510"
"SUI","Sun Communities Inc","$130.79","Yes","0.89","$16B (Mid)","945,960"
"SWK","Stanley Black & Decker Inc","$91.06","Yes","1.16","$14B (Mid)","2,677,980"
"SXT","Sensient Technologies Corp","$93.03","Yes","0.54","$4B (Small)","349,140"
"SYK","Stryker Corp","$366.05","Yes","0.87","$140B (Large)","2,499,540"
"SYNA","Synaptics Inc","$90.81","Yes","1.64","$4B (Small)","983,150"
"SYY","Sysco Corp","$90.56","Yes","0.58","$43B (Large)","4,805,840"
"TCBI","Texas Capital Bancshares Inc","$103.42","Yes","0.65","$5B (Small)","525,490"
"TD","Toronto-Dominion Bank","$95.32","Yes","0.65","$160B (Large)","2,682,800"
"TDG","TransDigm Group Inc","$1,286.67","Yes","0.94","$73B (Large)","549,200"
"TDY","Teledyne Technologies Inc","$660.29","Yes","1.00","$31B (Mid)","435,480"
"TEL","TE Connectivity PLC","$236.19","Yes","1.23","$69B (Large)","2,629,030"
"TER","Teradyne Inc","$314.66","Yes","1.75","$49B (Large)","5,513,150"
"TFX","Teleflex Inc","$103.75","Yes","0.90","$5B (Small)","1,025,070"
"TGT","Target Corp","$115.76","Yes","1.11","$52B (Large)","7,048,200"
"THC","Tenet Healthcare Corp","$231.10","Yes","1.39","$20B (Mid)","1,509,350"
"THG","Hanover Insurance Group Inc","$171.80","Yes","0.33","$6B (Small)","508,420"
"THO","Thor Industries Inc","$114.79","Yes","1.40","$6B (Small)","522,090"
"TJX","TJX Companies Inc","$154.46","Yes","0.73","$172B (Large)","5,999,730"
"TKO","TKO Group Holdings Inc","$206.75","Yes","0.69","$40B (Mid)","809,100"
"TKR","Timken Co","$107.84","Yes","1.17","$8B (Small)","1,253,000"
"TM","Toyota Motor Corp","$248.29","Yes","0.62","$324B (Large)","341,410"
"TMDX","Transmedics Group Inc","$129.84","Yes","1.99","$4B (Small)","635,360"
"TMO","Thermo Fisher Scientific Inc","$504.82","Yes","0.97","$190B (Large)","2,895,480"
"TMUS","T-Mobile US Inc","$219.50","Yes","0.41","$242B (Large)","8,488,640"
"TOL","Toll Brothers Inc","$166.12","Yes","1.43","$16B (Mid)","1,329,030"
"TPB","Turning Point Brands Inc","$131.77","Yes","0.86","$3B (Small)","280,780"
"TPL","Texas Pacific Land Corp","$432.31","Yes","0.88","$30B (Mid)","481,480"
"TPR","Tapestry Inc","$153.80","Yes","1.56","$31B (Mid)","3,248,800"
"TRGP","Targa Resources Corp","$223.89","Yes","0.85","$48B (Large)","1,336,730"
"TROW","T Rowe Price Group Inc","$93.76","Yes","1.56","$20B (Mid)","3,128,210"
"TRV","Travelers Companies Inc","$294.21","Yes","0.51","$64B (Large)","2,005,800"
"TSEM","Tower Semiconductor Ltd","$128.74","Yes","0.90","$14B (Mid)","3,331,050"
"TSLA","Tesla Inc","$417.44","Yes","1.89","$2T (Large)","64,658,580"
"TSM","Taiwan Semiconductor Manufacturing Co Ltd","$366.36","Yes","1.29","$2T (Large)","15,174,450"
"TT","Trane Technologies PLC","$465.27","Yes","1.19","$103B (Large)","1,797,750"
"TTC","Toro Co","$100.09","Yes","0.80","$10B (Mid)","909,190"
"TTMI","TTM Technologies Inc","$91.80","Yes","1.76","$9B (Mid)","2,970,390"
"TTWO","Take-Two Interactive Software Inc","$193.67","Yes","0.96","$36B (Mid)","4,905,130"
"TW","Tradeweb Markets Inc","$113.41","Yes","0.77","$24B (Mid)","1,995,690"
"TWLO","Twilio Inc","$113.00","Yes","1.32","$17B (Mid)","3,547,230"
"TXN","Texas Instruments Inc","$226.16","Yes","0.98","$205B (Large)","10,242,850"
"TXRH","Texas Roadhouse Inc","$180.90","Yes","0.87","$12B (Mid)","864,230"
"TXT","Textron Inc","$98.09","Yes","0.95","$17B (Mid)","2,257,090"
"TYL","Tyler Technologies Inc","$303.94","Yes","0.94","$13B (Mid)","1,160,250"
"UAL","United Airlines Holdings Inc","$109.29","Yes","1.24","$35B (Mid)","6,199,190"
"UFPI","UFP Industries Inc","$114.60","Yes","1.45","$7B (Small)","391,570"
"UHS","Universal Health Services Inc","$234.81","Yes","1.23","$15B (Mid)","709,730"
"ULTA","Ulta Beauty Inc","$683.40","Yes","0.82","$30B (Mid)","531,430"
"UMBF","UMB Financial Corp","$128.77","Yes","0.77","$10B (Mid)","591,620"
"UNH","UnitedHealth Group Inc","$293.19","Yes","0.42","$266B (Large)","10,337,400"
"UNP","Union Pacific Corp","$260.68","Yes","0.96","$155B (Large)","4,699,720"
"UPS","United Parcel Service Inc","$119.24","Yes","1.05","$101B (Large)","7,617,170"
"URI","United Rentals Inc","$869.57","Yes","1.65","$55B (Large)","906,350"
"USFD","US Foods Holding Corp","$99.93","Yes","0.95","$22B (Mid)","4,150,170"
"UTHR","United Therapeutics Corp","$473.66","Yes","0.85","$20B (Mid)","317,440"
"V","Visa Inc","$314.08","Yes","0.78","$599B (Large)","8,536,500"
"VAL","Valaris Ltd","$95.96","Yes","1.06","$7B (Small)","3,503,160"
"VC","Visteon Corp","$104.94","Yes","1.14","$3B (Small)","589,050"
"VEEV","Veeva Systems Inc","$174.11","Yes","1.11","$29B (Mid)","3,059,450"
"VICR","Vicor Corp","$155.96","Yes","1.88","$7B (Small)","613,100"
"VLO","Valero Energy Corp","$200.17","Yes","0.70","$61B (Large)","3,140,570"
"VMC","Vulcan Materials Co","$327.65","Yes","1.04","$43B (Large)","1,221,940"
"VRSK","Verisk Analytics Inc","$181.21","Yes","0.84","$25B (Mid)","3,186,910"
"VRSN","VeriSign, Inc","$219.03","Yes","0.78","$20B (Mid)","1,168,440"
"VRT","Vertiv Holdings Co","$234.53","Yes","2.03","$90B (Large)","8,125,540"
"VRTX","Vertex Pharmaceuticals Inc","$491.47","Yes","0.32","$125B (Large)","1,524,620"
"VSEC","VSE Corp","$202.66","Yes","1.36","$6B (Small)","1,067,400"
"VST","Vistra Corp","$171.49","Yes","1.44","$58B (Large)","6,748,710"
"WAB","Westinghouse Air Brake Technologies Corp","$256.06","Yes","0.99","$44B (Large)","1,061,840"
"WAL","Western Alliance Bancorp","$93.20","Yes","1.30","$10B (Mid)","1,129,850"
"WAT","Waters Corp","$323.37","Yes","1.21","$32B (Mid)","1,831,070"
"WCC","Wesco International Inc","$307.10","Yes","1.44","$15B (Mid)","958,200"
"WCN","Waste Connections Inc","$160.26","Yes","0.63","$41B (Mid)","1,884,450"
"WDAY","Workday Inc","$144.42","Yes","1.16","$38B (Mid)","5,748,240"
"WDC","Western Digital Corp","$281.58","Yes","1.75","$95B (Large)","13,208,600"
"WEC","WEC Energy Group Inc","$115.79","Yes","0.57","$38B (Mid)","2,955,850"
"WELL","Welltower Inc","$210.72","Yes","0.81","$147B (Large)","3,535,480"
"WEX","WEX Inc","$157.67","Yes","0.97","$5B (Small)","770,970"
"WFRD","Weatherford International PLC","$101.42","Yes","0.75","$7B (Small)","1,295,060"
"WGS","GeneDx Holdings Corp","$90.15","Yes","2.03","$3B (Small)","813,180"
"WING","Wingstop Inc","$221.65","Yes","1.85","$6B (Small)","799,110"
"WLK","Westlake Corp","$100.08","Yes","0.83","$13B (Mid)","1,624,790"
"WM","Waste Management Inc","$234.52","Yes","0.58","$95B (Large)","2,356,550"
"WMS","Advanced Drainage Systems Inc","$170.98","Yes","1.27","$13B (Mid)","986,150"
"WMT","Walmart Inc","$133.89","Yes","0.64","$1T (Large)","27,456,120"
"WPM","Wheaton Precious Metals Corp","$145.90","Yes","0.53","$66B (Large)","3,165,410"
"WSM","Williams-Sonoma Inc","$214.57","Yes","1.64","$26B (Mid)","1,019,920"
"WSO","Watsco Inc","$417.92","Yes","1.02","$15B (Mid)","483,560"
"WST","West Pharmaceutical Services Inc","$250.49","Yes","1.17","$18B (Mid)","1,412,820"
"WTFC","Wintrust Financial Corp","$153.74","Yes","0.85","$10B (Mid)","626,600"
"WTW","Willis Towers Watson PLC","$287.74","Yes","0.64","$27B (Mid)","1,552,600"
"WWD","Woodward Inc","$379.39","Yes","0.96","$23B (Mid)","1,034,500"
"WYNN","Wynn Resorts Ltd","$113.39","Yes","1.01","$12B (Mid)","1,746,980"
"XOM","Exxon Mobil Corp","$148.45","Yes","0.35","$620B (Large)","25,088,660"
"XPO","XPO Inc","$195.33","Yes","1.99","$23B (Mid)","3,643,250"
"XYL","Xylem Inc","$128.09","Yes","1.18","$31B (Mid)","2,369,040"
"YUM","Yum! Brands Inc","$160.57","Yes","0.64","$45B (Large)","2,418,820"
"ZBH","Zimmer Biomet Holdings Inc","$96.45","Yes","0.59","$19B (Mid)","2,735,140"
"ZBRA","Zebra Technologies Corp","$264.62","Yes","1.61","$13B (Mid)","997,000"
"ZM","Zoom Communications Inc","$92.60","Yes","0.89","$27B (Mid)","4,418,560"
"ZS","Zscaler Inc","$177.72","Yes","1.05","$28B (Mid)","2,650,450"
"ZTS","Zoetis Inc","$126.65","Yes","0.95","$53B (Large)","5,173,410"