"Symbol","Description","Price","Average Volume (10 Day)","Optionable Stocks"
"AAL","American Airlines Group Inc","$13.88","46,457,420","Yes"
"AAT","American Assets Trust Inc","$18.56","571,740","Yes"
"ABR","Arbor Realty Trust Inc","$7.72","4,787,990","Yes"
"ABX","Abacus Global Management Inc","$8.40","572,480","Yes"
"ACAD","ACADIA Pharmaceuticals Inc","$22.03","1,444,600","Yes"
"ACDC","ProFrac Holding Corp","$5.47","1,161,860","Yes"
"ACEL","Accel Entertainment Inc","$10.83","329,550","Yes"
"ACHC","Acadia Healthcare Company Inc","$16.77","4,463,680","Yes"
"ACHR","Archer Aviation Inc","$6.77","36,064,110","Yes"
"ACI","Albertsons Companies Inc","$18.57","6,484,880","Yes"
"ACIC","American Coastal Insurance Corp","$11.07","268,400","Yes"
"ACRE","Ares Commercial Real Estate Corp","$5.17","785,050","Yes"
"ACVA","ACV Auctions Inc","$6.61","3,520,010","Yes"
"ADAM","Adamas Trust Inc","$8.16","585,830","Yes"
"ADEA","Adeia Inc","$18.80","806,770","Yes"
"ADMA","ADMA Biologics Inc","$16.09","1,898,140","Yes"
"ADPT","Adaptive Biotechnologies Corp","$16.04","2,240,700","Yes"
"ADT","ADT Inc","$7.74","23,809,780","Yes"
"ADTN","ADTRAN Holdings Inc","$10.13","1,134,220","Yes"
"AEG","Aegon Ltd","$7.58","5,871,350","Yes"
"AES","AES Corp","$16.28","11,017,110","Yes"
"AESI","Atlas Energy Solutions Inc","$11.77","1,971,190","Yes"
"AEVA","Aeva Technologies Inc","$13.58","2,267,390","Yes"
"AGNC","AGNC Investment Corp","$11.36","22,622,340","Yes"
"AGRO","Adecoagro SA","$8.65","450,990","Yes"
"AHCO","Adapthealth Corp","$10.09","975,020","Yes"
"AHH","Armada Hoffler Properties Inc","$6.89","757,160","Yes"
"AI","C3.ai Inc","$10.78","8,295,250","Yes"
"AIP","Arteris Inc","$14.62","442,790","Yes"
"AIRO","AIRO Group Holdings Inc","$9.20","426,500","Yes"
"AIV","Apartment Investment and Management Co","$5.82","1,768,050","Yes"
"AKR","Acadia Realty Trust","$20.59","1,237,150","Yes"
"ALDX","Aldeyra Therapeutics Inc","$5.25","710,480","Yes"
"ALEX","Alexander & Baldwin Inc (Hawaii)","$20.77","737,340","Yes"
"ALH","Alliance Laundry Holdings Inc","$23.38","602,950","Yes"
"ALHC","Alignment Healthcare Inc","$20.19","2,306,380","Yes"
"ALKT","Alkami Technology Inc","$16.27","2,149,480","Yes"
"ALLT","Allot Ltd","$10.26","361,870","Yes"
"ALMU","Aeluma Inc","$15.38","443,350","Yes"
"AM","Antero Midstream Corp","$21.45","3,506,720","Yes"
"AMCX","Amc Networks Inc (Nevada)","$7.55","580,880","Yes"
"AMLX","Amylyx Pharmaceuticals Inc","$14.12","992,290","Yes"
"AMN","AMN Healthcare Services Inc","$16.25","1,265,730","Yes"
"AMPL","Amplitude Inc","$6.21","2,539,090","Yes"
"AMPX","Amprius Technologies Inc","$9.97","9,603,360","Yes"
"AMPY","Amplify Energy Corp","$5.42","631,850","Yes"
"AMRX","Amneal Pharmaceuticals Inc","$14.82","2,332,530","Yes"
"AMTB","Amerant Bancorp Inc","$22.44","326,320","Yes"
"AMX","America Movil SAB de CV","$23.83","2,472,580","Yes"
"ANGI","Angi Inc","$8.10","1,479,340","Yes"
"ANGO","AngioDynamics Inc","$10.97","484,370","Yes"
"ANRO","Alto Neuroscience Inc","$16.89","254,980","Yes"
"AOSL","Alpha and Omega Semiconductor Ltd","$22.65","561,430","Yes"
"AP","Ampco-Pittsburgh Corp","$7.79","377,960","Yes"
"APLE","Apple Hospitality REIT Inc","$12.27","2,166,190","Yes"
"APLS","Apellis Pharmaceuticals Inc","$21.70","3,897,910","Yes"
"APPN","Appian Corp","$22.87","1,326,860","Yes"
"ARCC","Ares Capital Corp","$19.37","8,766,240","Yes"
"ARCO","Arcos Dorados Holdings Inc","$8.36","2,077,290","Yes"
"ARCT","Arcturus Therapeutics Holdings Inc","$7.21","460,120","Yes"
"ARDT","Ardent Health Inc","$9.60","464,890","Yes"
"ARDX","Ardelyx Inc","$6.87","3,091,760","Yes"
"ARHS","Arhaus Inc","$9.25","1,056,020","Yes"
"ARI","Apollo Commercial Real Estate Finance Inc","$10.62","1,504,000","Yes"
"ARKO","Arko Corp.","$6.14","552,990","Yes"
"ARLO","Arlo Technologies Inc","$11.42","1,585,020","Yes"
"ARQQ","Arqit Quantum Inc","$16.78","312,630","Yes"
"ARR","ARMOUR Residential REIT Inc","$18.30","3,757,580","Yes"
"ARRY","Array Technologies Inc","$11.16","4,966,070","Yes"
"ARVN","Arvinas Inc","$11.65","769,390","Yes"
"ARX","Accelerant Holdings","$10.67","1,323,280","Yes"
"ASAN","Asana Inc","$7.56","6,754,890","Yes"
"ASC","Ardmore Shipping Corp","$13.58","625,880","Yes"
"ASIX","AdvanSix Inc","$18.65","321,920","Yes"
"ASPI","ASP Isotopes Inc","$5.13","5,243,890","Yes"
"ASST","Strive Inc","$8.33","6,666,790","Yes"
"ASTH","Astrana Health Inc","$18.16","657,490","Yes"
"ASX","ASE Technology Holding Co Ltd","$23.40","11,470,840","Yes"
"ASYS","Amtech Systems Inc","$11.42","651,120","Yes"
"ATEC","Alphatec Holdings Inc","$13.36","2,945,510","Yes"
"ATEN","A10 Networks Inc","$20.70","1,174,880","Yes"
"ATHM","Autohome Inc","$21.00","541,990","Yes"
"AUDC","AudioCodes Ltd","$7.33","263,040","Yes"
"AUPH","Aurinia Pharmaceuticals Inc","$14.23","833,780","Yes"
"AVAH","Aveanna Healthcare Holdings Inc","$7.93","814,090","Yes"
"AVBP","ArriVent BioPharma Inc","$22.46","637,880","Yes"
"AVNS","Avanos Medical Inc","$14.90","591,230","Yes"
"AVO","Mission Produce Inc","$14.37","641,220","Yes"
"AVPT","AvePoint Inc","$10.56","2,344,870","Yes"
"AVR","Anteris Technologies Global Corp","$5.71","1,007,400","Yes"
"AVTR","Avantor Inc","$9.20","17,019,600","Yes"
"AVTX","Avalo Therapeutics Inc","$14.40","412,850","Yes"
"AXTI","AXT Inc","$24.24","8,323,550","Yes"
"AZ","A2Z Cust2Mate Solutions Corp","$6.01","616,570","Yes"
"BANC","Banc of California Inc","$20.00","3,814,940","Yes"
"BAND","Bandwidth Inc","$12.96","267,520","Yes"
"BAX","Baxter International Inc","$19.79","11,526,950","Yes"
"BBAR","Banco BBVA Argentina SA","$16.18","729,840","Yes"
"BBDC","Barings BDC Inc","$9.09","826,090","Yes"
"BBNX","Beta Bionics Inc","$13.94","1,141,250","Yes"
"BBVA","Banco Bilbao Vizcaya Argentaria SA","$22.73","2,469,790","Yes"
"BBWI","Bath & Body Works Inc","$24.07","4,547,520","Yes"
"BCAX","Bicara Therapeutics Inc","$14.21","335,950","Yes"
"BCRX","BioCryst Pharmaceuticals Inc","$6.76","3,923,640","Yes"
"BCSF","Bain Capital Specialty Finance Inc","$13.56","659,180","Yes"
"BCYC","Bicycle Therapeutics PLC","$5.24","549,100","Yes"
"BEKE","Ke Holdings Inc","$17.55","5,684,670","Yes"
"BETA","BETA Technologies Inc","$17.45","1,815,710","Yes"
"BGC","Bgc Group Inc","$9.21","3,160,710","Yes"
"BGS","B&G Foods Inc","$5.23","2,435,460","Yes"
"BHC","Bausch Health Companies Inc","$5.99","1,887,220","Yes"
"BHVN","Biohaven Ltd","$11.36","2,513,960","Yes"
"BIOA","BIOAGE Labs Inc","$19.57","577,740","Yes"
"BKD","Brookdale Senior Living Inc","$16.51","6,915,530","Yes"
"BKKT","Bakkt Holdings Inc","$10.77","1,147,540","Yes"
"BKSY","Blacksky Technology Inc","$21.48","1,674,860","Yes"
"BLCO","Bausch + Lomb Corp","$17.03","329,200","Yes"
"BLFS","BioLife Solutions Inc","$21.58","458,590","Yes"
"BLFY","Blue Foundry Bancorp","$14.13","276,410","Yes"
"BLMN","Bloomin' Brands Inc","$6.25","2,674,630","Yes"
"BMNR","Bitmine Immersion Technologies Inc","$20.96","51,377,360","Yes"
"BNED","Barnes & Noble Education Inc","$7.70","283,030","Yes"
"BNL","Broadstone Net Lease Inc","$19.64","1,746,660","Yes"
"BORR","Borr Drilling Ltd","$5.64","8,598,910","Yes"
"BOX","Box Inc","$23.19","3,275,510","Yes"
"BRBR","Bellring Brands Inc","$17.87","5,399,750","Yes"
"BRCB","Black Rock Coffee Bar Inc","$14.42","610,810","Yes"
"BRSL","Brightstar Lottery PLC","$13.45","1,551,310","Yes"
"BRSP","Brightspire Capital Inc","$5.73","808,660","Yes"
"BRZE","Braze Inc","$17.60","4,416,980","Yes"
"BSBR","Banco Santander Brasil SA","$6.59","1,128,190","Yes"
"BSM","Black Stone Minerals LP","$15.20","365,310","Yes"
"BTDR","Bitdeer Technologies Group","$10.37","5,436,030","Yes"
"BULL","Webull Corp","$5.87","12,178,680","Yes"
"BV","Brightview Holdings Inc","$13.67","831,700","Yes"
"BVS","Bioventus Inc","$8.27","321,340","Yes"
"BW","Babcock & Wilcox Enterprises Inc","$9.75","3,065,400","Yes"
"BWIN","Baldwin Insurance Group Inc","$16.50","1,866,240","Yes"
"BXMT","Blackstone Mortgage Trust Inc","$19.54","1,846,360","Yes"
"BXSL","Blackstone Secured Lending Fund","$24.62","2,816,850","Yes"
"BYRN","Byrna Technologies Inc","$12.87","829,880","Yes"
"BZ","Kanzhun Ltd","$17.32","3,846,280","Yes"
"CADL","Candel Therapeutics Inc","$5.68","598,500","Yes"
"CAG","Conagra Brands Inc","$19.76","13,468,780","Yes"
"CAI","Caris Life Sciences Inc","$20.62","2,418,540","Yes"
"CAL","Caleres Inc","$11.81","532,200","Yes"
"CALY","Callaway Golf Co","$12.59","3,174,410","Yes"
"CAPR","Capricor Therapeutics Inc","$23.67","909,210","Yes"
"CARS","Cars.com Inc","$11.08","886,880","Yes"
"CBLL","Ceribell Inc","$19.77","313,570","Yes"
"CC","Chemours Co","$20.52","3,876,630","Yes"
"CCRN","Cross Country Healthcare Inc","$8.08","435,490","Yes"
"CDE","Coeur Mining Inc","$22.42","27,597,510","Yes"
"CDNA","CareDx Inc","$19.63","734,970","Yes"
"CEPU","Central Puerto SA","$15.55","298,290","Yes"
"CERT","Certara Inc","$6.62","3,356,090","Yes"
"CEVA","CEVA Inc","$22.67","359,830","Yes"
"CFFN","Capitol Federal Financial Inc","$7.64","974,880","Yes"
"CGBD","Carlyle Secured Lending Inc","$11.92","636,500","Yes"
"CGEM","Cullinan Therapeutics Inc","$11.59","684,180","Yes"
"CGNT","Cognyte Software Ltd","$7.06","493,930","Yes"
"CHPT","ChargePoint Holdings Inc","$5.90","562,520","Yes"
"CHWY","Chewy Inc","$24.23","8,836,810","Yes"
"CHYM","Chime Financial Inc","$19.69","3,275,080","Yes"
"CIFR","Cipher Mining Inc","$16.42","36,398,140","Yes"
"CIM","Chimera Investment Corp","$14.08","1,146,460","Yes"
"CION","Cion Investment Corp","$8.64","444,190","Yes"
"CLB","Core Laboratories Inc","$18.56","450,230","Yes"
"CLBK","Columbia Financial Inc","$18.41","425,600","Yes"
"CLBT","Cellebrite DI Ltd","$14.64","2,626,090","Yes"
"CLDX","Celldex Therapeutics Inc","$23.57","637,300","Yes"
"CLF","Cleveland-Cliffs Inc","$10.38","25,269,570","Yes"
"CLPT","Clearpoint Neuro Inc","$13.04","585,540","Yes"
"CLSK","CleanSpark Inc","$9.31","32,204,220","Yes"
"CLW","Clearwater Paper Corp","$17.59","253,390","Yes"
"CLYM","Climb Bio Inc","$5.67","504,020","Yes"
"CMCO","Columbus McKinnon Corp","$20.33","715,550","Yes"
"CMP","Compass Minerals International Inc","$23.99","655,090","Yes"
"CMPS","Compass Pathways PLC","$5.81","1,291,140","Yes"
"CMPX","Compass Therapeutics Inc.","$6.34","2,035,280","Yes"
"CMRE","Costamare Inc","$16.94","560,340","Yes"
"CMTL","Comtech Telecommunications Corp","$5.86","328,980","Yes"
"CNH","CNH Industrial NV","$12.75","13,927,720","Yes"
"CNK","Cinemark Holdings Inc","$24.88","2,563,660","Yes"
"CNNE","Cannae Holdings Inc","$13.29","493,510","Yes"
"CNTA","Centessa Pharmaceuticals PLC","$24.71","1,210,330","Yes"
"CODI","Compass Diversified Holdings","$6.39","1,086,930","Yes"
"COLD","Americold Realty Trust Inc","$12.36","4,739,880","Yes"
"COMP","Compass Inc","$10.41","22,950,020","Yes"
"CON","Concentra Group Holdings Parent Inc","$23.54","1,462,700","Yes"
"CORZ","Core Scientific Inc","$17.84","12,324,230","Yes"
"COUR","Coursera Inc","$5.92","7,165,840","Yes"
"CPNG","Coupang Inc","$16.98","29,602,240","Yes"
"CPRI","Capri Holdings Ltd","$20.42","5,074,400","Yes"
"CPRX","Catalyst Pharmaceuticals Inc","$23.60","1,265,910","Yes"
"CRGY","Crescent Energy Co","$10.23","5,674,230","Yes"
"CRK","Comstock Resources Inc","$19.02","3,218,620","Yes"
"CRMD","CorMedix Inc","$7.34","2,030,090","Yes"
"CRML","Critical Metals Corp","$9.24","15,959,500","Yes"
"CRNC","Cerence Inc","$8.26","2,024,580","Yes"
"CRSR","Corsair Gaming Inc","$6.79","1,765,790","Yes"
"CRTO","Criteo SA","$17.81","653,250","Yes"
"CRVS","Corvus Pharmaceuticals Inc","$18.66","1,680,990","Yes"
"CSIQ","Canadian Solar Inc","$19.39","2,361,350","Yes"
"CSTM","Constellium SE","$23.29","1,698,210","Yes"
"CSWC","Capital Southwest Corp","$22.81","665,950","Yes"
"CTLP","Cantaloupe Inc","$10.22","2,137,410","Yes"
"CTMX","CytomX Therapeutics Inc","$5.32","3,517,020","Yes"
"CTNM","Contineum Therapeutics Inc","$14.44","276,920","Yes"
"CTO","CTO Realty Growth Inc","$18.93","268,440","Yes"
"CTOS","Custom Truck One Source Inc","$7.26","1,034,520","Yes"
"CUZ","Cousins Properties Inc","$22.46","2,993,660","Yes"
"CVBF","CVB Financial Corp","$20.55","1,429,710","Yes"
"CVE","Cenovus Energy Inc","$21.96","14,674,720","Yes"
"CVI","CVR Energy Inc","$23.17","989,770","Yes"
"CWAN","Clearwater Analytics Holdings Inc","$23.15","15,421,960","Yes"
"CWH","Camping World Holdings Inc","$11.48","2,248,000","Yes"
"CWK","Cushman & Wakefield Ltd","$12.89","2,945,750","Yes"
"CX","Cemex SAB de CV","$12.57","7,976,290","Yes"
"CXM","Sprinklr Inc","$5.49","3,233,540","Yes"
"CXW","CoreCivic Inc","$18.92","1,089,300","Yes"
"CYRX","Cryoport Inc","$8.24","372,840","Yes"
"CZR","Caesars Entertainment Inc","$18.14","7,461,950","Yes"
"DAVA","Endava PLC","$5.10","499,770","Yes"
"DAWN","Day One Biopharmaceuticals Inc","$11.35","1,988,930","Yes"
"DBI","Designer Brands Inc","$7.19","898,660","Yes"
"DBRG","DigitalBridge Group Inc","$15.41","4,162,300","Yes"
"DBX","Dropbox Inc","$24.53","4,936,770","Yes"
"DC","Dakota Gold Corp","$5.84","2,279,400","Yes"
"DCH","Dauch Corp","$7.25","14,397,300","Yes"
"DCTH","Delcath Systems Inc","$9.12","590,420","Yes"
"DEA","Easterly Government Properties Inc","$23.96","372,300","Yes"
"DEI","Douglas Emmett Inc","$10.11","3,248,710","Yes"
"DFH","Dream Finders Homes Inc","$21.05","466,490","Yes"
"DFTX","Definium Therapeutics Inc","$15.75","1,462,410","Yes"
"DHC","Diversified Healthcare Trust","$6.55","1,554,120","Yes"
"DHT","DHT Holdings Inc","$15.91","3,037,770","Yes"
"DJT","Trump Media & Technology Group Corp","$10.98","3,986,250","Yes"
"DKNG","Draftkings Inc","$21.76","18,076,320","Yes"
"DLO","Dlocal Ltd","$11.97","1,556,000","Yes"
"DNA","Ginkgo Bioworks Holdings Inc","$9.29","1,501,170","Yes"
"DNLI","Denali Therapeutics Inc","$18.77","1,729,100","Yes"
"DNOW","DNOW Inc","$16.43","2,326,950","Yes"
"DOC","Healthpeak Properties Inc","$16.70","12,381,810","Yes"
"DOLE","Dole PLC","$15.91","784,650","Yes"
"DQ","Daqo New Energy Corp","$24.88","725,750","Yes"
"DRH","Diamondrock Hospitality Co","$9.87","3,302,970","Yes"
"DRTS","Alpha Tau Medical Ltd","$7.23","317,340","Yes"
"DRVN","Driven Brands Holdings Inc","$16.84","1,090,970","Yes"
"DUOT","Duos Technologies Group Inc","$8.78","284,810","Yes"
"DV","DoubleVerify Holdings Inc","$9.45","3,172,020","Yes"
"DX","Dynex Capital Inc","$14.05","6,312,600","Yes"
"DXC","DXC Technology Co","$13.39","3,673,470","Yes"
"DYN","Dyne Therapeutics Inc","$15.54","1,832,850","Yes"
"EAF","GrafTech International Ltd","$6.67","886,900","Yes"
"EBC","Eastern Bankshares Inc","$21.61","2,465,380","Yes"
"EBS","Emergent BioSolutions Inc","$10.83","643,340","Yes"
"EC","Ecopetrol SA","$11.90","3,062,520","Yes"
"ECVT","Ecovyst Inc","$11.62","1,332,120","Yes"
"EFC","Ellington Financial Inc","$12.94","2,626,220","Yes"
"EGAN","eGain Corp","$9.71","302,260","Yes"
"EH","EHang Holdings Ltd","$11.58","665,890","Yes"
"EHAB","Enhabit Inc","$11.16","575,930","Yes"
"EMBC","Embecta Corp","$10.17","1,116,720","Yes"
"ENOV","Enovis Corp","$21.77","1,096,910","Yes"
"ENR","Energizer Holdings Inc","$22.77","1,896,050","Yes"
"ENVX","Enovix Corp","$5.92","7,956,050","Yes"
"EOSE","Eos Energy Enterprises Inc","$10.79","20,775,140","Yes"
"EPC","Edgewell Personal Care Co","$21.89","878,860","Yes"
"EQX","Equinox Gold Corp","$15.80","11,959,200","Yes"
"ERAS","Erasca Inc","$12.00","4,677,240","Yes"
"ERIC","Telefonaktiebolaget LM Ericsson","$11.07","7,752,990","Yes"
"ERII","Energy Recovery Inc","$15.60","291,490","Yes"
"ESRT","Empire State Realty Trust Inc","$6.27","1,289,650","Yes"
"ET","Energy Transfer LP","$18.75","16,003,730","Yes"
"ETD","Ethan Allen Interiors Inc","$23.85","426,770","Yes"
"ETON","Eton Pharmaceuticals Inc","$17.07","253,680","Yes"
"EVER","EverQuote Inc","$14.66","1,371,510","Yes"
"EVLV","Evolv Technologies Holdings Inc","$5.85","3,060,560","Yes"
"EWCZ","European Wax Center Inc","$5.71","2,105,640","Yes"
"EXK","Endeavour Silver Corp","$11.75","14,345,060","Yes"
"EXPI","eXp World Holdings Inc","$7.55","999,710","Yes"
"EXTR","Extreme Networks Inc","$14.46","1,924,730","Yes"
"EYPT","EyePoint Inc","$12.94","1,281,270","Yes"
"EZPW","EZCORP Inc","$24.31","1,530,040","Yes"
"F","Ford Motor Co","$14.12","80,710,710","Yes"
"FA","First Advantage Corp","$9.49","1,245,770","Yes"
"FBP","First BanCorp","$22.43","1,271,120","Yes"
"FCEL","Fuelcell Energy Inc","$7.22","1,843,740","Yes"
"FCF","First Commonwealth Financial Corp","$18.37","916,880","Yes"
"FCPT","Four Corners Property Trust Inc","$24.37","838,990","Yes"
"FDMT","4D Molecular Therapeutics Inc","$9.35","796,890","Yes"
"FFIC","Flushing Financial Corp","$16.67","369,600","Yes"
"FFWM","First Foundation Inc","$6.24","830,070","Yes"
"FHN","First Horizon Corp","$24.56","8,204,420","Yes"
"FIG","Figma Inc","$22.53","16,858,160","Yes"
"FIGS","Figs Inc","$10.25","2,850,430","Yes"
"FINV","FinVolution Group","$5.54","1,291,140","Yes"
"FIP","Ftai Infrastructure Inc","$6.00","1,101,390","Yes"
"FIVN","Five9 Inc","$16.75","2,661,010","Yes"
"FJET","Starfighters Space Inc","$5.12","745,370","Yes"
"FLG","Flagstar Bank NA","$14.18","6,214,510","Yes"
"FLNC","Fluence Energy Inc","$18.46","9,380,010","Yes"
"FLO","Flowers Foods Inc","$10.36","4,408,380","Yes"
"FLY","Firefly Aerospace Inc","$19.30","3,476,560","Yes"
"FLYW","Flywire Corp","$10.97","1,671,690","Yes"
"FMC","FMC Corp","$14.34","7,497,260","Yes"
"FMNB","Farmers National Banc Corp","$13.52","574,380","Yes"
"FNB","FNB Corp","$18.07","6,420,550","Yes"
"FOLD","Amicus Therapeutics Inc","$14.31","7,785,270","Yes"
"FOXF","Fox Factory Holding Corp","$19.31","555,980","Yes"
"FPI","Farmland Partners Inc","$11.98","610,900","Yes"
"FRMI","Fermi Inc","$10.29","6,182,940","Yes"
"FRSH","Freshworks Inc","$7.24","10,007,540","Yes"
"FSK","FS KKR Capital Corp","$13.32","3,302,910","Yes"
"FSLY","Fastly Inc","$18.26","16,090,430","Yes"
"FTK","Flotek Industries Inc","$17.29","291,300","Yes"
"FTRE","Fortrea Holdings Inc","$9.79","2,237,440","Yes"
"FULC","Fulcrum Therapeutics Inc","$10.63","494,990","Yes"
"FULT","Fulton Financial Corp","$22.03","2,075,180","Yes"
"FUN","Six Flags Entertainment Corp","$15.90","2,268,010","Yes"
"FVRR","Fiverr International Ltd","$14.34","1,559,930","Yes"
"FWRG","First Watch Restaurant Group Inc","$15.37","1,537,000","Yes"
"GBDC","Golub Capital BDC Inc","$12.63","3,425,650","Yes"
"GBTG","Global Business Travel Group Inc","$5.04","1,905,290","Yes"
"GCMG","GCM Grosvenor Inc","$12.04","789,940","Yes"
"GDOT","Green Dot Corp","$11.91","821,520","Yes"
"GDYN","Grid Dynamics Holdings Inc","$6.60","1,572,380","Yes"
"GEL","Genesis Energy LP","$17.54","319,700","Yes"
"GEMI","Gemini Space Station Inc","$7.56","1,681,750","Yes"
"GEN","Gen Digital Inc","$23.72","9,056,970","Yes"
"GENI","Genius Sports Ltd","$5.79","12,420,980","Yes"
"GEO","Geo Group Inc","$14.21","1,940,020","Yes"
"GEOS","Geospace Technologies Corp","$9.69","418,330","Yes"
"GILT","Gilat Satellite Networks Ltd","$13.77","1,538,440","Yes"
"GLAD","Gladstone Capital Corp","$18.54","250,460","Yes"
"GLDD","Great Lakes Dredge & Dock Corp","$16.89","2,440,020","Yes"
"GLUE","Monte Rosa Therapeutics Inc","$17.92","1,100,000","Yes"
"GLXY","Galaxy Digital Inc","$21.66","10,547,970","Yes"
"GME","GameStop Corp","$23.57","10,961,480","Yes"
"GNK","Genco Shipping & Trading Ltd","$22.21","360,260","Yes"
"GNL","Global Net Lease Inc","$9.85","1,817,900","Yes"
"GNTX","Gentex Corp","$24.89","3,097,370","Yes"
"GNW","Genworth Financial Inc","$8.92","3,691,460","Yes"
"GO","Grocery Outlet Holding Corp","$10.28","1,939,460","Yes"
"GOOD","Gladstone Commercial Corp","$11.67","493,880","Yes"
"GPGI","GPGI Inc","$24.63","2,172,830","Yes"
"GPK","Graphic Packaging Holding Co","$12.42","12,014,290","Yes"
"GPRE","Green Plains Inc","$13.70","2,300,170","Yes"
"GPRK","GeoPark Ltd","$8.24","874,870","Yes"
"GRFS","Grifols SA","$9.32","460,900","Yes"
"GRND","Grindr Inc","$10.08","2,105,160","Yes"
"GRNT","Granite Ridge Resources Inc","$5.05","591,070","Yes"
"GRPN","Groupon Inc","$12.48","1,011,760","Yes"
"GRRR","Gorilla Technology Group Inc","$12.24","1,145,080","Yes"
"GSBD","Goldman Sachs BDC Inc","$9.23","1,665,770","Yes"
"GSIT","GSI Technology Inc","$6.14","1,120,170","Yes"
"GSM","Ferroglobe PLC","$5.30","1,279,850","Yes"
"GT","Goodyear Tire & Rubber Co","$9.44","9,833,020","Yes"
"GTE","Gran Tierra Energy Inc","$5.57","642,470","Yes"
"GTM","Zoominfo Technologies Inc","$6.36","15,124,620","Yes"
"GTX","Garrett Motion Inc","$21.25","2,371,810","Yes"
"HAYW","Hayward Holdings Inc","$16.71","2,011,280","Yes"
"HBAN","Huntington Bancshares Inc","$17.26","58,739,320","Yes"
"HBNC","Horizon Bancorp Inc","$18.01","353,440","Yes"
"HCKT","Hackett Group Inc","$13.93","253,990","Yes"
"HCSG","Healthcare Services Group Inc","$21.59","1,022,700","Yes"
"HE","Hawaiian Electric Industries Inc","$16.82","3,102,710","Yes"
"HELE","Helen of Troy Ltd","$17.64","730,130","Yes"
"HIMS","Hims & Hers Health Inc","$16.30","46,747,710","Yes"
"HIMX","Himax Technologies Inc","$7.72","1,284,140","Yes"
"HIW","Highwoods Properties Inc","$23.12","1,588,340","Yes"
"HL","Hecla Mining Co","$22.60","26,399,640","Yes"
"HLF","Herbalife Ltd","$15.90","1,321,070","Yes"
"HLIT","Harmonic Inc","$10.68","803,130","Yes"
"HLMN","Hillman Solutions Corp","$10.06","1,749,410","Yes"
"HLN","Haleon PLC","$11.20","7,202,590","Yes"
"HLX","Helix Energy Solutions Group Inc","$8.60","2,607,160","Yes"
"HMY","Harmony Gold Mining Company Ltd","$20.99","6,020,760","Yes"
"HNRG","Hallador Energy Co","$19.36","625,550","Yes"
"HOG","Harley-Davidson Inc","$20.42","4,437,610","Yes"
"HOPE","Hope Bancorp Inc","$12.14","981,220","Yes"
"HPE","Hewlett Packard Enterprise Co","$22.69","19,737,160","Yes"
"HPK","Highpeak Energy Inc","$5.09","753,950","Yes"
"HPP","Hudson Pacific Properties Inc","$6.58","1,947,610","Yes"
"HPQ","HP Inc","$19.26","22,797,080","Yes"
"HR","Healthcare Realty Trust Inc","$17.96","4,769,020","Yes"
"HRL","Hormel Foods Corp","$23.78","5,197,500","Yes"
"HRTG","Heritage Insurance Holdings Inc","$24.82","269,680","Yes"
"HRZN","Horizon Technology Finance Corp","$6.67","902,130","Yes"
"HST","Host Hotels & Resorts Inc","$19.89","8,790,590","Yes"
"HSTM","HealthStream Inc","$20.31","437,530","Yes"
"HTBK","Heritage Commerce Corp","$13.30","664,710","Yes"
"HTFL","Heartflow Inc","$20.66","2,669,490","Yes"
"HTGC","Hercules Capital Inc","$15.58","2,970,990","Yes"
"HTLD","Heartland Express Inc","$11.28","796,480","Yes"
"HTZ","Hertz Global Holdings Inc","$5.04","5,317,840","Yes"
"HUN","Huntsman Corp","$13.21","7,582,880","Yes"
"IAG","IAMGOLD Corp","$21.63","10,380,820","Yes"
"IART","Integra Lifesciences Holdings Corp","$11.32","720,660","Yes"
"IBRX","Immunitybio Inc","$5.95","21,054,780","Yes"
"IBTA","Ibotta Inc","$21.44","286,960","Yes"
"IE","Ivanhoe Electric Inc","$15.79","2,018,770","Yes"
"IEP","Icahn Enterprises LP","$8.06","752,100","Yes"
"IHS","IHS Holding Ltd","$8.29","1,275,040","Yes"
"IIIV","I3 Verticals Inc","$22.20","654,490","Yes"
"ILPT","Industrial Logistics Properties Trust","$5.46","264,730","Yes"
"IMMR","Immersion Corp","$6.16","345,020","Yes"
"IMMX","Immix Biopharma Inc","$7.43","943,640","Yes"
"IMNM","Immunome Inc","$22.44","1,362,730","Yes"
"IMSR","Terrestrial Energy Inc","$7.04","2,193,040","Yes"
"IMTX","Immatics NV","$9.90","452,220","Yes"
"INFY","Infosys Ltd","$14.72","18,661,210","Yes"
"INGM","Ingram Micro Holding Corp","$21.57","438,730","Yes"
"INGN","Inogen Inc","$5.76","271,030","Yes"
"INMD","Inmode Ltd","$14.30","1,699,400","Yes"
"INNV","InnovAge Holding Corp","$8.36","544,860","Yes"
"INTA","Intapp Inc","$23.23","2,762,080","Yes"
"INTR","Inter & Co Inc","$8.73","4,325,500","Yes"
"INVA","Innoviva Inc","$22.70","965,370","Yes"
"INVX","Innovex International Inc","$24.76","364,630","Yes"
"IRDM","Iridium Communications Inc","$23.17","2,656,010","Yes"
"IRT","Independence Realty Trust Inc","$16.35","3,194,640","Yes"
"ISSC","Innovative Solutions and Support Inc","$19.83","378,300","Yes"
"ITUB","Itau Unibanco Holding SA","$9.16","31,518,210","Yes"
"IVR","Invesco Mortgage Capital Inc","$8.71","2,645,380","Yes"
"JACK","Jack in the Box Inc","$20.73","467,510","Yes"
"JANX","Janux Therapeutics Inc","$13.14","1,363,310","Yes"
"JBGS","JBG SMITH Properties","$15.94","573,550","Yes"
"JBI","Janus International Group Inc","$7.10","1,232,950","Yes"
"JBIO","Jade Biosciences Inc","$14.81","262,120","Yes"
"JBLU","JetBlue Airways Corp","$5.91","21,848,430","Yes"
"JBS","Jbs NV","$16.00","4,343,360","Yes"
"JMIA","Jumia Technologies AG","$9.32","3,888,510","Yes"
"JOBY","Joby Aviation Inc","$9.90","33,235,300","Yes"
"JRVR","James River Group Holdings Inc","$6.87","258,390","Yes"
"KALV","Kalvista Pharmaceuticals Inc","$14.91","710,170","Yes"
"KC","Kingsoft Cloud Holdings Ltd","$14.48","1,687,330","Yes"
"KD","Kyndryl Holdings Inc","$12.24","14,096,410","Yes"
"KDK","Kodiak AI Inc","$8.61","422,780","Yes"
"KELYA","Kelly Services Inc","$9.79","859,960","Yes"
"KEP","Korea Electric Power Corp","$21.52","536,470","Yes"
"KEY","KeyCorp","$21.70","15,069,680","Yes"
"KHC","Kraft Heinz Co","$24.80","18,605,880","Yes"
"KIM","Kimco Realty Corp","$22.71","5,875,780","Yes"
"KLAR","Klarna Group PLC","$18.11","3,529,130","Yes"
"KOD","Kodiak Sciences Inc","$22.07","673,510","Yes"
"KODK","Eastman Kodak Co","$7.67","642,970","Yes"
"KPTI","Karyopharm Therapeutics Inc","$8.58","664,250","Yes"
"KREF","KKR Real Estate Finance Trust Inc","$7.01","1,285,970","Yes"
"KRNT","Kornit Digital Ltd","$15.97","417,330","Yes"
"KRNY","Kearny Financial Corp","$8.08","428,640","Yes"
"KRO","Kronos Worldwide Inc","$6.33","341,860","Yes"
"KROS","Keros Therapeutics Inc","$16.58","272,800","Yes"
"KRP","Kimbell Royalty Partners LP","$14.08","560,540","Yes"
"KSS","Kohls Corp","$19.85","3,756,300","Yes"
"KT","KT Corp","$23.56","2,009,450","Yes"
"KURA","Kura Oncology Inc","$8.31","1,256,090","Yes"
"KVUE","Kenvue Inc","$18.70","67,503,350","Yes"
"KVYO","Klaviyo Inc","$18.60","6,170,450","Yes"
"KW","Kennedy-Wilson Holdings Inc","$9.89","723,940","Yes"
"KYIV","Kyivstar Group Ltd","$12.82","1,403,020","Yes"
"KYTX","Kyverna Therapeutics Inc","$7.26","727,750","Yes"
"LADR","Ladder Capital Corp","$10.38","1,023,050","Yes"
"LAND","Gladstone Land Corp","$11.19","906,330","Yes"
"LAR","Lithium Argentina AG","$6.91","2,647,620","Yes"
"LBTYA","Liberty Global Ltd","$10.89","3,166,560","Yes"
"LC","LendingClub Corp","$15.59","2,837,580","Yes"
"LCID","Lucid Group Inc","$10.28","7,398,880","Yes"
"LEG","Leggett & Platt Inc","$11.73","2,146,710","Yes"
"LEGN","Legend Biotech Corp","$17.58","2,741,750","Yes"
"LENZ","LENZ Therapeutics Inc","$12.88","1,009,970","Yes"
"LEVI","Levi Strauss & Co","$21.91","3,288,590","Yes"
"LFST","LifeStance Health Group Inc","$7.03","1,778,390","Yes"
"LI","Li Auto Inc","$18.46","4,708,840","Yes"
"LILA","Liberty Latin America Ltd","$7.72","329,270","Yes"
"LIND","Lindblad Expeditions Holdings Inc","$20.25","935,540","Yes"
"LION","Lionsgate Studios Corp","$8.09","2,808,480","Yes"
"LOMA","Loma Negra Compania Industrial Argentina SA","$11.47","355,820","Yes"
"LPTH","LightPath Technologies Inc","$12.48","3,150,880","Yes"
"LTBR","Lightbridge Corp","$12.62","965,270","Yes"
"LTRX","Lantronix Inc","$5.32","1,503,770","Yes"
"LUCK","Lucky Strike Entertainment Corp","$7.83","577,810","Yes"
"LUMN","Lumen Technologies Inc","$8.39","20,136,680","Yes"
"LUNR","Intuitive Machines Inc","$16.13","9,646,670","Yes"
"LUXE","LuxExperience BV","$10.51","577,740","Yes"
"LXEO","Lexeo Therapeutics Inc","$6.31","954,210","Yes"
"LXU","LSB Industries Inc","$9.85","464,680","Yes"
"LYFT","Lyft Inc","$13.27","25,641,350","Yes"
"LYG","Lloyds Banking Group PLC","$5.61","26,126,150","Yes"
"LZ","LegalZoom.com Inc","$6.87","6,739,830","Yes"
"M","Macy's Inc","$21.63","6,647,780","Yes"
"MAC","Macerich Co","$18.52","2,365,540","Yes"
"MAGN","Magnera Corp","$13.82","554,050","Yes"
"MAMA","Mama's Creations Inc","$15.08","550,370","Yes"
"MANU","Manchester United PLC","$17.44","339,560","Yes"
"MARA","MARA Holdings Inc","$7.25","55,759,800","Yes"
"MASS","908 Devices Inc","$6.49","348,970","Yes"
"MAT","Mattel Inc","$16.47","9,649,570","Yes"
"MATV","Mativ Holdings Inc","$14.78","333,140","Yes"
"MAX","Mediaalpha Inc","$7.17","1,098,530","Yes"
"MBC","Masterbrand Inc","$11.79","2,802,400","Yes"
"MBI","MBIA Inc","$6.04","405,470","Yes"
"MBLY","Mobileye Global Inc","$9.19","7,601,650","Yes"
"MCHB","Mechanics Bancorp","$15.37","470,790","Yes"
"MCW","Mister Car Wash Inc","$5.97","1,117,550","Yes"
"MD","Pediatrix Medical Group Inc","$21.52","538,680","Yes"
"MDU","MDU Resources Group Inc","$20.80","2,242,070","Yes"
"MDXG","MiMedx Group Inc","$5.09","993,910","Yes"
"MEG","Montrose Environmental Group Inc","$20.49","282,120","Yes"
"MEI","Methode Electronics Inc","$9.07","428,450","Yes"
"METC","Ramaco Resources Inc","$16.48","2,657,930","Yes"
"MFA","MFA Financial Inc","$9.89","1,594,330","Yes"
"MFG","Mizuho Financial Group Inc","$9.90","5,121,600","Yes"
"MFIC","MidCap Financial Investment Corp","$11.11","728,950","Yes"
"MGNI","Magnite Inc","$11.70","3,046,390","Yes"
"MGTX","MeiraGTx Holdings PLC","$7.45","382,880","Yes"
"MIR","Mirion Technologies Inc","$22.51","4,491,060","Yes"
"MITK","Mitek Systems Inc","$11.51","972,310","Yes"
"MLCO","Melco Resorts & Entertainment Ltd","$5.53","3,068,710","Yes"
"MLKN","MillerKnoll Inc","$21.78","540,150","Yes"
"MLTX","MoonLake Immunotherapeutics","$15.61","1,083,200","Yes"
"MNKD","MannKind Corp","$5.66","3,228,090","Yes"
"MNR","Mach Natural Resources LP","$13.10","277,720","Yes"
"MNRO","Monro Inc","$23.81","809,720","Yes"
"MNSO","MINISO Group Holding Ltd","$19.27","973,000","Yes"
"MNTN","MNTN Inc","$10.27","1,988,680","Yes"
"MOMO","Hello Group Inc","$6.48","906,770","Yes"
"MPT","Medical Properties Trust Inc","$5.44","6,067,520","Yes"
"MRAM","Everspin Technologies Inc","$11.03","1,141,770","Yes"
"MRTN","Marten Transport Ltd","$13.24","833,280","Yes"
"MSDL","Morgan Stanley Direct Lending Fund","$15.79","1,024,310","Yes"
"MTRX","Matrix Service Co","$11.46","354,610","Yes"
"MTUS","Metallus Inc","$20.70","402,330","Yes"
"MTW","Manitowoc Company Inc","$14.30","430,730","Yes"
"MUFG","Mitsubishi UFJ Financial Group Inc","$19.73","3,787,510","Yes"
"MXL","Maxlinear Inc","$19.53","1,452,070","Yes"
"MYE","Myers Industries Inc","$22.08","294,190","Yes"
"NABL","N-Able Inc","$5.35","1,760,080","Yes"
"NAGE","Niagen Bioscience Inc","$5.09","986,840","Yes"
"NAVI","Navient Corp","$9.34","1,359,500","Yes"
"NAVN","Navan Inc","$10.44","1,972,280","Yes"
"NB","NioCorp Developments Ltd","$5.80","5,608,300","Yes"
"NBBK","NB Bancorp Inc","$21.62","385,080","Yes"
"NCLH","Norwegian Cruise Line Holdings Ltd","$21.49","21,356,670","Yes"
"NCNO","nCino Inc","$16.14","2,898,090","Yes"
"NEO","Neogenomics Inc","$11.17","1,533,990","Yes"
"NEOG","Neogen Corp","$10.94","3,231,090","Yes"
"NEXA","Nexa Resources SA","$11.93","573,790","Yes"
"NEXN","Nexxen International Ltd","$6.10","382,420","Yes"
"NEXT","NextDecade Corp","$5.10","2,926,430","Yes"
"NFBK","Northfield Bancorp Inc","$13.59","692,180","Yes"
"NG","NovaGold Resources Inc","$10.75","5,728,960","Yes"
"NGD","New Gold Inc","$11.06","23,530,770","Yes"
"NGL","NGL Energy Partners LP","$12.00","547,770","Yes"
"NIQ","NIQ Global Intelligence PLC","$10.77","2,082,510","Yes"
"NLY","Annaly Capital Management Inc","$23.07","9,339,390","Yes"
"NMAX","Newsmax Inc","$5.40","1,329,660","Yes"
"NMFC","New Mountain Finance Corp","$8.32","1,667,320","Yes"
"NMR","Nomura Holdings Inc","$9.54","1,614,050","Yes"
"NMRK","Newmark Group Inc","$14.82","1,884,600","Yes"
"NN","NextNav Inc","$16.13","1,147,440","Yes"
"NNE","Nano Nuclear Energy Inc","$24.78","1,851,960","Yes"
"NOK","Nokia Oyj","$7.03","32,455,140","Yes"
"NOMD","Nomad Foods Ltd","$12.90","1,364,290","Yes"
"NOV","Nov Inc","$19.20","5,949,970","Yes"
"NPKI","NPK International Inc","$14.44","681,870","Yes"
"NRDS","NerdWallet Inc","$9.41","1,141,230","Yes"
"NRIX","Nurix Therapeutics Inc","$15.60","949,560","Yes"
"NTGR","NETGEAR Inc","$21.94","818,320","Yes"
"NTLA","Intellia Therapeutics Inc","$11.87","4,112,630","Yes"
"NTSK","Netskope Inc","$11.89","2,531,230","Yes"
"NTST","Netstreit Corp","$20.20","1,993,840","Yes"
"NU","Nu Holdings Ltd","$16.82","49,223,470","Yes"
"NUS","NU Skin Enterprises Inc","$8.36","439,930","Yes"
"NUVB","Nuvation Bio Inc","$5.77","5,171,220","Yes"
"NVA","Nova Minerals Ltd","$7.06","825,460","Yes"
"NVAX","Novavax Inc","$8.70","3,990,530","Yes"
"NVCR","Novocure Ltd","$10.99","3,498,450","Yes"
"NVGS","Navigator Holdings Ltd","$19.30","261,160","Yes"
"NVRI","Enviri Corp","$18.92","1,262,940","Yes"
"NVTS","Navitas Semiconductor Corp","$8.30","19,486,490","Yes"
"NWBI","Northwest Bancshares Inc","$12.99","1,210,000","Yes"
"NWG","NatWest Group PLC","$16.07","4,223,190","Yes"
"NWSA","News Corp","$22.72","6,026,250","Yes"
"NX","Quanex Building Products Corp","$22.04","609,420","Yes"
"OBDC","Blue Owl Capital Corp","$11.47","8,520,910","Yes"
"OBE","Obsidian Energy Ltd","$7.67","646,680","Yes"
"OCFC","OceanFirst Financial Corp","$19.58","759,590","Yes"
"OCSL","Oaktree Specialty Lending Corp","$12.14","974,280","Yes"
"OCUL","Ocular Therapeutix Inc","$8.88","5,356,710","Yes"
"OEC","Orion SA","$7.11","625,970","Yes"
"OGN","Organon & Co","$7.39","5,438,490","Yes"
"OI","O-I Glass Inc","$14.79","1,876,950","Yes"
"OIS","Oil States International Inc","$9.40","957,890","Yes"
"OLMA","Olema Pharmaceuticals Inc","$22.59","1,634,330","Yes"
"OMDA","Omada Health Inc","$11.31","1,392,490","Yes"
"OMER","Omeros Corp","$11.69","1,079,850","Yes"
"ONB","Old National Bancorp","$24.77","3,396,870","Yes"
"ONDS","Ondas Inc","$8.97","86,009,660","Yes"
"ONTF","ON24 Inc","$7.92","478,270","Yes"
"OPFI","OppFi Inc","$8.91","500,520","Yes"
"OPRA","Opera Ltd","$12.38","938,630","Yes"
"OPRX","OptimizeRx Corp","$8.21","505,460","Yes"
"ORC","Orchid Island Capital Inc","$7.53","8,027,670","Yes"
"ORIC","Oric Pharmaceuticals Inc","$9.99","1,257,580","Yes"
"ORN","Orion Group Holdings Inc","$13.84","473,430","Yes"
"OS","OneStream Inc","$23.51","7,953,090","Yes"
"OSBC","Old Second Bancorp Inc","$20.57","345,110","Yes"
"OSCR","Oscar Health Inc","$13.42","11,480,790","Yes"
"OSG","Octave Specialty Group Inc","$5.76","528,720","Yes"
"OSPN","OneSpan Inc","$10.80","1,023,990","Yes"
"OSS","One Stop Systems Inc","$8.55","1,974,790","Yes"
"OSW","Onespaworld Holdings Ltd","$22.56","2,971,760","Yes"
"OTEX","Open Text Corp","$24.59","3,905,760","Yes"
"OUST","Ouster Inc","$18.77","2,067,530","Yes"
"OWL","Blue Owl Capital Inc","$12.30","38,256,630","Yes"
"PAA","Plains All American Pipeline LP","$20.15","4,357,460","Yes"
"PACK","Ranpak Holdings Corp","$5.97","562,890","Yes"
"PAGP","Plains GP Holdings LP","$21.59","2,442,290","Yes"
"PAGS","PagSeguro Digital Ltd","$10.55","4,574,690","Yes"
"PAL","Proficient Auto Logistics Inc","$7.06","435,210","Yes"
"PANL","Pangaea Logistics Solutions Ltd","$8.45","720,610","Yes"
"PAR","PAR Technology Corp","$20.86","1,881,240","Yes"
"PATH","UiPath Inc","$11.32","33,599,510","Yes"
"PAVM","PAVmed Inc","$10.28","306,440","Yes"
"PAX","Patria Investments Ltd","$13.91","1,473,790","Yes"
"PAY","Paymentus Holdings Inc","$23.10","718,250","Yes"
"PAYO","Payoneer Global Inc","$5.40","4,747,640","Yes"
"PBI","Pitney Bowes Inc","$10.25","1,867,460","Yes"
"PBR","Petroleo Brasileiro SA Petrobras","$15.19","26,783,710","Yes"
"PBYI","Puma Biotechnology Inc","$6.82","432,630","Yes"
"PCG","PG&E Corp","$18.16","23,717,880","Yes"
"PCRX","Pacira Biosciences Inc","$21.77","686,470","Yes"
"PCT","Purecycle Technologies Inc","$8.72","3,070,160","Yes"
"PD","PagerDuty Inc","$6.94","4,247,430","Yes"
"PDM","Piedmont Realty Trust Inc","$8.25","1,061,920","Yes"
"PDYN","Palladyne AI Corp","$6.72","3,639,040","Yes"
"PEB","Pebblebrook Hotel Trust","$12.75","1,999,720","Yes"
"PENG","Penguin Solutions Inc","$19.37","1,513,600","Yes"
"PENN","PENN Entertainment Inc","$11.76","4,437,140","Yes"
"PEPG","PepGen Inc","$6.44","926,820","Yes"
"PERI","Perion Network Ltd","$8.54","379,260","Yes"
"PFLT","PennantPark Floating Rate Capital Ltd","$8.63","1,350,930","Yes"
"PFS","Provident Financial Services Inc","$22.96","1,017,850","Yes"
"PGNY","Progyny Inc","$20.69","1,312,530","Yes"
"PGY","Pagaya Technologies Ltd","$12.40","7,990,510","Yes"
"PHAT","Phathom Pharmaceuticals Inc","$12.02","822,740","Yes"
"PHR","Phreesia Inc","$11.95","2,493,710","Yes"
"PINS","Pinterest Inc","$15.42","16,350,380","Yes"
"PK","Park Hotels & Resorts Inc","$11.20","3,964,860","Yes"
"PKE","Park Aerospace Corp","$23.68","269,450","Yes"
"PKST","Peakstone Realty Trust","$20.82","1,929,360","Yes"
"PL","Planet Labs PBC","$22.42","11,284,200","Yes"
"PLAY","Dave & Buster's Entertainment Inc","$14.85","776,430","Yes"
"PLSE","Pulse Biosciences Inc","$23.40","728,930","Yes"
"PMT","PennyMac Mortgage Investment Trust","$12.64","1,842,520","Yes"
"PNNT","Pennantpark Investment Corp","$5.16","912,750","Yes"
"POET","POET Technologies Inc","$5.65","7,345,550","Yes"
"PONY","Pony AI Inc","$14.07","3,576,540","Yes"
"PR","Permian Resources Corp","$17.29","13,885,160","Yes"
"PRA","ProAssurance Corp","$24.49","687,030","Yes"
"PRAA","PRA Group Inc","$10.86","639,110","Yes"
"PRCH","Porch Group Inc","$8.54","2,245,620","Yes"
"PRE","Prenetics Global Ltd","$21.97","294,530","Yes"
"PRGO","Perrigo Company PLC","$14.54","2,170,110","Yes"
"PRMB","Primo Brands Corp","$18.76","5,121,120","Yes"
"PRTA","Prothena Corporation PLC","$8.96","408,780","Yes"
"PRTH","Priority Technology Holdings Inc","$5.31","367,760","Yes"
"PRVA","Privia Health Group Inc","$22.39","752,380","Yes"
"PSFE","Paysafe Ltd","$6.11","537,060","Yes"
"PSKY","Paramount Skydance Corp","$10.32","8,208,500","Yes"
"PSNL","Personalis Inc","$8.21","1,296,780","Yes"
"PSNY","Polestar Automotive Holding UK PLC","$18.44","434,170","Yes"
"PSO","Pearson PLC","$12.56","1,529,090","Yes"
"PSTL","Postal Realty Trust Inc","$18.85","374,470","Yes"
"PTEN","Patterson-UTI Energy Inc","$8.10","11,791,140","Yes"
"PTLO","Portillos Inc","$5.40","1,548,580","Yes"
"PTRN","Pattern Group Inc","$10.82","1,232,260","Yes"
"PUBM","PubMatic Inc","$6.54","841,020","Yes"
"PUMP","ProPetro Holding Corp","$12.02","3,080,760","Yes"
"PWP","Perella Weinberg Partners","$21.48","1,342,530","Yes"
"QBTS","D-Wave Quantum Inc","$19.67","29,274,530","Yes"
"QDEL","QuidelOrtho Corp","$23.58","1,244,130","Yes"
"QFIN","Qfin Holdings Inc","$15.55","1,478,640","Yes"
"QNST","QuinStreet Inc","$11.25","1,343,090","Yes"
"QS","Quantumscape Corp","$7.73","19,176,410","Yes"
"QTRX","Quanterix Corp","$5.74","584,310","Yes"
"QUBT","Quantum Computing Inc","$8.19","15,092,200","Yes"
"QURE","Uniqure NV","$20.50","2,023,200","Yes"
"RAMP","Liveramp Holdings Inc","$24.36","870,010","Yes"
"RARE","Ultragenyx Pharmaceutical Inc","$20.52","2,229,880","Yes"
"RCAT","Red Cat Holdings Inc","$11.25","9,811,510","Yes"
"RCUS","Arcus Biosciences Inc","$18.92","903,200","Yes"
"RDW","Redwire Corp","$8.02","26,952,320","Yes"
"RDY","Dr Reddy's Laboratories Ltd","$14.14","2,232,830","Yes"
"REAL","RealReal Inc","$11.45","3,093,180","Yes"
"RELY","Remitly Global Inc","$12.76","3,259,880","Yes"
"REPL","Replimune Group Inc","$7.97","1,175,510","Yes"
"RES","RPC Inc","$5.82","3,533,400","Yes"
"REYN","Reynolds Consumer Products Inc","$23.73","1,607,020","Yes"
"RGNX","Regenxbio Inc","$7.99","1,077,350","Yes"
"RGTI","Rigetti Computing Inc","$14.99","31,612,410","Yes"
"RHI","Robert Half Inc","$24.77","5,103,010","Yes"
"RIG","Transocean Ltd","$6.54","79,136,180","Yes"
"RILY","BRC Group Holdings Inc","$6.82","741,540","Yes"
"RIOT","Riot Platforms Inc","$14.20","21,077,400","Yes"
"RITM","Rithm Capital Corp","$10.57","13,059,790","Yes"
"RIVN","Rivian Automotive Inc","$17.73","28,907,630","Yes"
"RKT","Rocket Companies Inc","$18.68","40,285,670","Yes"
"RLAY","Relay Therapeutics Inc","$8.93","2,661,170","Yes"
"RLGT","Radiant Logistics Inc","$7.33","303,590","Yes"
"RLJ","RLJ Lodging Trust","$8.29","1,586,390","Yes"
"RMR","RMR Group Inc","$17.15","308,400","Yes"
"RNW","Renew Energy Global PLC","$5.35","689,860","Yes"
"RPC","P10 Inc","$8.70","665,770","Yes"
"RPD","Rapid7 Inc","$7.18","2,273,830","Yes"
"RSI","Rush Street Interactive Inc","$16.03","2,385,460","Yes"
"RUM","Rumble Inc","$5.96","2,352,270","Yes"
"RUN","Sunrun Inc","$19.09","8,337,930","Yes"
"RWAY","Runway Growth Finance Corp","$8.59","426,360","Yes"
"RWT","Redwood Trust Inc","$6.59","1,917,080","Yes"
"RXO","RXO Inc","$13.51","4,160,920","Yes"
"RXST","Rxsight Inc","$8.04","1,482,240","Yes"
"RYAM","Rayonier Advanced Materials Inc","$8.24","737,170","Yes"
"RYN","Rayonier Inc","$23.60","4,753,050","Yes"
"S","SentinelOne Inc","$13.87","9,947,080","Yes"
"SAFE","Safehold Inc","$15.66","395,190","Yes"
"SAIL","SailPoint Inc","$15.92","3,077,620","Yes"
"SAN","Banco Santander SA","$11.86","24,379,660","Yes"
"SB","Safe Bulkers Inc","$5.99","757,840","Yes"
"SBET","Sharplink Inc","$6.54","9,114,250","Yes"
"SBGI","Sinclair Inc","$14.96","386,070","Yes"
"SBH","Sally Beauty Holdings Inc","$16.32","2,321,940","Yes"
"SBLK","Star Bulk Carriers Corp","$23.80","1,150,620","Yes"
"SBRA","Sabra Health Care REIT Inc","$20.17","3,152,480","Yes"
"SBSW","Sibanye Stillwater Ltd","$17.23","8,756,190","Yes"
"SCM","Stellus Capital Investment Corp","$11.47","289,510","Yes"
"SCVL","Shoe Carnival Inc","$20.09","358,450","Yes"
"SD","SandRidge Energy Inc","$16.90","346,230","Yes"
"SDGR","Schrodinger Inc","$11.40","2,000,290","Yes"
"SEM","Select Medical Holdings Corp","$16.38","809,620","Yes"
"SEMR","SEMrush Holdings Inc","$11.83","2,196,410","Yes"
"SENS","Senseonics Holdings Inc","$7.51","659,270","Yes"
"SERV","Serve Robotics Inc","$9.31","5,002,390","Yes"
"SFL","SFL Corporation Ltd","$10.30","2,204,440","Yes"
"SFNC","Simmons First National Corp","$21.36","1,264,120","Yes"
"SG","Sweetgreen Inc","$5.14","3,769,180","Yes"
"SGHC","SGHC Ltd","$8.96","3,279,020","Yes"
"SGMT","Sagimet Biosciences Inc","$5.06","876,850","Yes"
"SGRY","Surgery Partners Inc","$15.46","1,823,310","Yes"
"SHBI","Shore Bancshares Inc","$19.79","346,930","Yes"
"SHC","Sotera Health Co","$17.12","1,605,870","Yes"
"SHEN","Shenandoah Telecommunications Co","$12.94","338,380","Yes"
"SHLS","Shoals Technologies Group Inc","$10.24","4,271,040","Yes"
"SHO","Sunstone Hotel Investors Inc","$9.22","3,012,580","Yes"
"SIBN","SI-BONE Inc","$15.33","413,630","Yes"
"SIGA","SIGA Technologies Inc","$6.79","373,390","Yes"
"SIRI","Sirius XM Holdings Inc","$21.29","9,041,880","Yes"
"SITC","Site Centers Corp","$6.46","690,460","Yes"
"SLDB","Solid Biosciences Inc","$6.19","1,362,880","Yes"
"SLDE","Slide Insurance Holdings Inc","$16.87","919,570","Yes"
"SLM","SLM Corp","$24.04","2,956,140","Yes"
"SLP","Simulations Plus Inc","$12.29","515,360","Yes"
"SLRC","SLR Investment Corp","$15.00","311,220","Yes"
"SM","SM Energy Co","$21.46","8,595,210","Yes"
"SMFG","Sumitomo Mitsui Financial Group Inc","$23.81","2,601,390","Yes"
"SMMT","Summit Therapeutics Inc","$14.96","2,947,050","Yes"
"SMPL","Simply Good Foods Co","$16.04","2,522,720","Yes"
"SMR","Nuscale Power Corp","$14.31","25,636,100","Yes"
"SMX","SMX (Security Matters) PLC","$14.03","6,050,180","Yes"
"SNBR","Sleep Number Corp","$9.42","572,850","Yes"
"SNCR","Synchronoss Technologies Inc","$9.00","313,670","Yes"
"SNCY","Sun Country Airlines Holdings Inc","$21.19","1,494,250","Yes"
"SND","Smart Sand Inc","$5.36","392,380","Yes"
"SNDX","Syndax Pharmaceuticals Inc","$20.48","1,308,890","Yes"
"SOC","Sable Offshore Corp","$8.89","5,804,160","Yes"
"SOFI","SoFi Technologies Inc","$19.61","76,447,460","Yes"
"SONO","Sonos Inc","$15.51","2,998,320","Yes"
"SONY","Sony Group Corp","$23.19","8,753,620","Yes"
"SOUN","SoundHound AI Inc","$7.46","28,842,590","Yes"
"SPIR","Spire Global Inc","$9.51","551,740","Yes"
"SPNT","Siriuspoint Ltd","$20.51","656,360","Yes"
"SPRY","ARS Pharmaceuticals Inc","$8.85","1,188,780","Yes"
"SPT","Sprout Social Inc","$6.87","2,175,640","Yes"
"SRAD","Sportradar Group AG","$16.47","2,805,820","Yes"
"SRI","Stoneridge Inc","$8.82","288,930","Yes"
"SRPT","Sarepta Therapeutics Inc","$17.79","2,549,660","Yes"
"SSL","Sasol Ltd","$7.96","2,623,560","Yes"
"SSTI","SoundThinking Inc","$7.39","271,250","Yes"
"SSTK","Shutterstock Inc","$17.27","343,170","Yes"
"SSYS","Stratasys Ltd","$10.97","815,580","Yes"
"STAA","STAAR Surgical Co","$16.10","1,278,340","Yes"
"STEM","Stem Inc","$11.30","255,650","Yes"
"STKL","Sunopta Inc","$6.44","7,904,050","Yes"
"STNE","StoneCo Ltd","$16.86","5,979,370","Yes"
"STUB","StubHub Holdings Inc","$9.23","3,825,980","Yes"
"STVN","Stevanato Group SpA","$16.01","978,480","Yes"
"STWD","Starwood Property Trust Inc","$18.07","3,713,510","Yes"
"SUPV","Grupo Supervielle SA","$10.52","1,223,270","Yes"
"SVM","Silvercorp Metals Inc","$10.98","7,748,630","Yes"
"SVRA","Savara Inc","$5.60","1,579,940","Yes"
"SVV","Savers Value Village Inc","$11.29","776,540","Yes"
"SWBI","Smith & Wesson Brands Inc","$11.75","505,300","Yes"
"SWIM","Latham Group Inc","$6.60","394,680","Yes"
"SXC","SunCoke Energy Inc","$7.99","1,000,780","Yes"
"TAC","TransAlta Corp","$13.58","1,504,180","Yes"
"TAK","Takeda Pharmaceutical Co Ltd","$18.46","3,177,100","Yes"
"TAL","TAL Education Group","$11.25","4,719,340","Yes"
"TALO","Talos Energy Inc","$13.12","1,964,470","Yes"
"TARA","Protara Therapeutics Inc","$6.51","621,030","Yes"
"TASK","Taskus Inc","$10.02","473,660","Yes"
"TBCH","Turtle Beach Corp","$11.81","270,520","Yes"
"TBPH","Theravance Biopharma Inc","$19.53","411,960","Yes"
"TDAY","USA TODAY Co Inc","$5.96","1,721,720","Yes"
"TE","T1 Energy Inc","$6.12","21,227,450","Yes"
"TECX","Tectonic Therapeutic Inc","$22.28","833,850","Yes"
"TENB","Tenable Holdings Inc","$22.55","4,343,600","Yes"
"TEO","Telecom Argentina SA","$11.42","396,970","Yes"
"TFSL","TFS Financial Corp","$14.93","933,370","Yes"
"TGB","Taseko Mines Ltd","$8.29","8,453,270","Yes"
"TGNA","Tegna Inc","$20.95","2,380,020","Yes"
"TH","Target Hospitality Corp","$7.08","361,570","Yes"
"TIC","TIC Solutions Inc","$9.36","2,620,230","Yes"
"TIGR","UP Fintech Holding Ltd","$8.03","2,780,380","Yes"
"TK","Teekay Corp Ltd","$11.42","598,710","Yes"
"TKC","Turkcell Iletisim Hizmetleri AS","$7.05","941,150","Yes"
"TLRY","Tilray Brands Inc","$7.51","3,024,520","Yes"
"TMC","TMC the metals company Inc","$6.09","8,249,400","Yes"
"TME","Tencent Music Entertainment Group","$15.85","6,607,670","Yes"
"TNDM","Tandem Diabetes Care Inc","$18.95","1,077,020","Yes"
"TNGX","Tango Therapeutics Inc","$12.90","2,846,800","Yes"
"TNXP","Tonix Pharmaceuticals Holding Corp","$15.10","349,580","Yes"
"TPVG","Triplepoint Venture Growth BDC Corp","$5.65","485,160","Yes"
"TRIN","Trinity Capital Inc","$15.41","1,535,340","Yes"
"TRIP","Tripadvisor Inc","$9.61","3,887,140","Yes"
"TROX","Tronox Holdings PLC","$7.85","4,193,540","Yes"
"TRTX","TPG RE Finance Trust Inc","$8.85","692,020","Yes"
"TRVI","Trevi Therapeutics Inc","$10.40","1,395,230","Yes"
"TSLX","Sixth Street Specialty Lending Inc","$19.23","916,960","Yes"
"TSSI","TSS Inc","$8.01","899,400","Yes"
"TTAM","Titan America SA","$18.59","501,610","Yes"
"TTGT","TechTarget Inc","$5.02","506,050","Yes"
"TTI","Tetra Technologies Inc","$10.94","1,562,470","Yes"
"TWI","Titan International Inc","$11.02","767,780","Yes"
"TWO","Two Harbors Investment Corp","$11.40","3,182,200","Yes"
"TXG","10X Genomics Inc","$18.12","2,945,960","Yes"
"U","Unity Software Inc","$18.68","42,165,810","Yes"
"UAA","Under Armour Inc","$7.19","14,750,480","Yes"
"UAMY","United States Antimony Corp","$7.62","15,304,530","Yes"
"UE","Urban Edge Properties","$20.77","1,078,030","Yes"
"UEC","Uranium Energy Corp","$15.52","11,052,960","Yes"
"UGP","Ultrapar Participacoes SA","$5.13","2,124,320","Yes"
"ULCC","Frontier Group Holdings Inc","$5.35","4,404,070","Yes"
"UMAC","Unusual Machines Inc","$11.92","2,458,240","Yes"
"UMC","United Microelectronics Corp","$10.42","11,546,910","Yes"
"UMH","UMH Properties Inc","$16.09","450,020","Yes"
"UNCY","Unicycive Therapeutics Inc","$6.08","676,560","Yes"
"UNIT","Uniti Group Inc (Delaware)","$8.36","2,379,800","Yes"
"UPB","Upstream Bio Inc","$8.75","1,787,210","Yes"
"UPBD","Upbound Group Inc","$20.31","652,100","Yes"
"UPWK","Upwork Inc","$13.23","6,724,390","Yes"
"URGN","Urogen Pharma Ltd","$20.10","618,500","Yes"
"USAR","USA Rare Earth Inc","$19.40","27,004,120","Yes"
"USAU","US Gold Corp","$15.61","394,940","Yes"
"UTZ","UTZ Brands Inc","$9.35","1,878,150","Yes"
"UUUU","Energy Fuels Inc","$20.72","15,623,430","Yes"
"VALE","Vale SA","$16.65","47,900,220","Yes"
"VERX","Vertex Inc","$12.75","4,029,230","Yes"
"VFC","VF Corp","$20.30","7,585,140","Yes"
"VG","Venture Global Inc","$9.36","10,429,020","Yes"
"VIPS","Vipshop Holdings Ltd","$17.54","1,928,080","Yes"
"VIR","Vir Biotechnology Inc","$7.47","1,540,520","Yes"
"VIV","Telefonica Brasil SA","$15.72","1,016,730","Yes"
"VLRS","Controladora Vuela Compania de Aviacion SAB de CV","$10.07","761,020","Yes"
"VLY","Valley National Bancorp","$13.49","10,506,670","Yes"
"VNDA","Vanda Pharmaceuticals Inc","$6.09","1,249,310","Yes"
"VNET","VNET Group Inc","$13.80","7,138,400","Yes"
"VOD","Vodafone Group PLC","$15.57","7,299,500","Yes"
"VOR","Vor Biopharma Inc","$12.78","858,220","Yes"
"VRE","Veris Residential Inc","$16.63","1,120,060","Yes"
"VREX","Varex Imaging Corp","$13.52","511,620","Yes"
"VRRM","Verra Mobility Corp","$18.40","1,863,610","Yes"
"VSH","Vishay Intertechnology Inc","$18.88","3,304,000","Yes"
"VSTM","Verastem Inc","$5.84","1,653,770","Yes"
"VSTS","Vestis Corp","$7.70","2,864,720","Yes"
"VTRS","Viatris Inc","$15.77","11,937,000","Yes"
"VTS","Vitesse Energy Inc","$21.91","363,070","Yes"
"VTYX","Ventyx Biosciences Inc","$13.97","2,580,470","Yes"
"VYX","NCR Voyix Corp","$9.49","1,942,120","Yes"
"WAY","Waystar Holding Corp","$22.41","2,676,410","Yes"
"WB","Weibo Corp","$10.01","1,364,670","Yes"
"WBTN","Webtoon Entertainment Inc","$10.61","424,780","Yes"
"WDS","Woodside Energy Group Ltd","$18.62","874,960","Yes"
"WEAV","Weave Communications Inc","$5.60","2,715,640","Yes"
"WEN","Wendy's Co","$7.48","9,943,420","Yes"
"WEST","Westrock Coffee Co","$5.01","320,460","Yes"
"WLTH","Wealthfront Corp","$7.77","1,071,740","Yes"
"WNC","Wabash National Corp","$11.86","1,051,340","Yes"
"WOLF","Wolfspeed Inc","$17.74","2,741,390","Yes"
"WPP","WPP PLC","$18.76","694,050","Yes"
"WRBY","Warby Parker Inc","$22.46","3,131,830","Yes"
"WRD","WeRide Inc","$7.57","4,744,240","Yes"
"WSC","WillScot Holdings Corp","$21.22","1,724,760","Yes"
"WT","WisdomTree Inc","$16.36","4,750,940","Yes"
"WTTR","Select Water Solutions Inc","$12.82","841,520","Yes"
"WU","Western Union Co","$9.60","9,850,140","Yes"
"WULF","Terawulf Inc","$15.91","46,736,940","Yes"
"WVE","WAVE Life Sciences Ltd","$12.68","2,549,860","Yes"
"WW","WW International Inc","$23.22","339,680","Yes"
"WWW","Wolverine World Wide Inc","$17.61","1,016,370","Yes"
"WYFI","WhiteFiber Inc","$18.19","1,099,940","Yes"
"XERS","Xeris Biopharma Holdings Inc","$6.82","1,314,690","Yes"
"XHR","Xenia Hotels & Resorts Inc","$15.73","609,490","Yes"
"XIFR","XPLR Infrastructure LP","$10.79","2,312,320","Yes"
"XNCR","Xencor Inc","$11.59","512,440","Yes"
"XNET","Xunlei Ltd","$5.79","288,050","Yes"
"XOMA","Xoma Royalty Corp","$24.01","263,380","Yes"
"XP","XP Inc","$19.87","6,933,350","Yes"
"XPER","Xperi Inc","$5.46","478,890","Yes"
"XPEV","Xpeng Inc","$17.94","7,400,690","Yes"
"XPOF","Xponential Fitness Inc","$8.30","454,620","Yes"
"XPRO","Expro Group Holdings NV","$16.33","825,690","Yes"
"XRAY","DENTSPLY SIRONA Inc","$12.95","4,699,070","Yes"
"XXI","Twenty One Capital Inc","$6.40","1,140,040","Yes"
"YELP","Yelp Inc","$20.98","1,632,620","Yes"
"YEXT","Yext Inc","$5.57","3,350,570","Yes"
"YMM","Full Truck Alliance Co Ltd","$9.48","6,088,140","Yes"
"ZETA","Zeta Global Holdings Corp","$15.46","10,098,580","Yes"
"ZGN","Ermenegildo Zegna NV","$11.04","799,830","Yes"
"ZIM","ZIM Integrated Shipping Services Ltd","$22.20","2,440,790","Yes"
"ZLAB","Zai Lab Ltd","$20.03","840,880","Yes"
"ZTO","ZTO Express (Cayman) Inc","$24.66","2,797,490","Yes"
"ZURA","Zura Bio Ltd","$6.21","443,360","Yes"
"ZVRA","Zevra Therapeutics Inc","$8.50","771,390","Yes"
"ZYME","Zymeworks Inc","$22.60","549,220","Yes"
