Symbol,Description,Price,Exchange,Optionable Stocks,Average_Daily_Range
AAOI,Applied Optoelectronics Inc,36.75,NASDAQ,Yes,3.301499938964844
AAPL,Apple Inc,273.76,NASDAQ,Yes,3.5469940185546873
ABBV,AbbVie Inc,230.84,NYS,Yes,3.4964996337890626
ACN,Accenture PLC,271.34,NYS,Yes,5.385003662109375
ADBE,Adobe Inc,353.16,NASDAQ,Yes,6.5700927734375
ADI,Analog Devices Inc,275.63,NASDAQ,Yes,3.9780059814453126
ADP,Automatic Data Processing Inc,259.61,NASDAQ,Yes,3.561994934082031
ADSK,Autodesk Inc,301.23,NASDAQ,Yes,4.086004638671875
AEIS,Advanced Energy Industries Inc,217.26,NASDAQ,Yes,6.623500061035156
AEM,Agnico Eagle Mines Ltd,171.34,NYS,Yes,4.621502685546875
AFRM,Affirm Holdings Inc,75.51,NASDAQ,Yes,3.293901062011719
AGX,Argan Inc,320.73,NYS,Yes,14.30550537109375
AIT,Applied Industrial Technologies Inc,263.4,NYS,Yes,3.79625244140625
AIZ,Assurant Inc,241.44,NYS,Yes,3.805999755859375
AJG,Arthur J. Gallagher & Co.,263.14,NYS,Yes,4.1969970703125
ALAB,Astera Labs Inc,170.11,NASDAQ,Yes,9.150489807128906
ALB,Albemarle Corp,144.58,NYS,Yes,5.1901397705078125
ALGN,Align Technology Inc,157.84,NASDAQ,Yes,3.0300018310546877
ALGT,Allegiant Travel Co,84.65,NASDAQ,Yes,3.111370086669922
ALNY,Alnylam Pharmaceuticals Inc,398.82,NASDAQ,Yes,9.311996459960938
AMAT,Applied Materials Inc,263.05,NASDAQ,Yes,5.8364013671875
AMD,Advanced Micro Devices Inc,215.61,NASDAQ,Yes,6.319999694824219
AMG,Affiliated Managers Group Inc,292.08,NYS,Yes,6.241494750976562
AMGN,Amgen Inc,329.63,NASDAQ,Yes,4.81925048828125
AMP,Ameriprise Financial Inc,497.78,NYS,Yes,6.40250244140625
AMR,Alpha Metallurgical Resources Inc,205.4,NYS,Yes,8.718499755859375
AN,AutoNation Inc,210.54,NYS,Yes,5.233003234863281
ANET,Arista Networks Inc,134.15,NYS,Yes,3.5274009704589844
ANF,Abercrombie & Fitch Co,129.76,NYS,Yes,4.01099853515625
AON,Aon PLC,356.73,NYS,Yes,4.25899658203125
APD,Air Products and Chemicals Inc,247.85,NYS,Yes,4.31824951171875
APH,Amphenol Corp,136.9,NYS,Yes,3.121002960205078
APP,Applovin Corp,698.82,NASDAQ,Yes,24.244158935546874
ARES,Ares Management Corp,169.05,NYS,Yes,3.877001953125
ARGX,argenx SE,837.45,NASDAQ,Yes,13.061590576171875
ARM,Arm Holdings PLC,110.51,NASDAQ,Yes,3.6510009765625
ARWR,Arrowhead Pharmaceuticals Inc,69.62,NASDAQ,Yes,3.3460014343261717
ASML,ASML Holding NV,1066.0,NASDAQ,Yes,19.08154296875
ASND,Ascendis Pharma A/S,211.02,NASDAQ,Yes,7.03070068359375
ASTS,AST SpaceMobile Inc,71.47,NASDAQ,Yes,7.347198486328125
AVAV,AeroVironment Inc,249.15,NASDAQ,Yes,9.374105834960938
AVGO,Broadcom Inc,349.39,NASDAQ,Yes,10.172991943359374
AXON,Axon Enterprise Inc,580.55,NASDAQ,Yes,18.144287109375
AXP,American Express Co,375.32,NYS,Yes,5.225006103515625
AXSM,Axsome Therapeutics Inc,150.68,NASDAQ,Yes,3.9925018310546876
AYI,Acuity Inc,369.08,NYS,Yes,8.314999389648438
BA,Boeing Co,217.25,NYS,Yes,3.5989974975585937
BAP,Credicorp Ltd,291.05,NYS,Yes,5.417996215820312
BCPC,Balchem Corp,156.68,NASDAQ,Yes,3.2199981689453123
BE,Bloom Energy Corp,88.41,NYS,Yes,6.605099487304687
BETR,Better Home & Finance Holding Co,34.12,NASDAQ,Yes,3.0810001373291014
BIIB,Biogen Inc,176.83,NASDAQ,Yes,3.444000244140625
BLD,TopBuild Corp,427.77,NYS,Yes,9.524703979492188
BLK,BlackRock Inc,1088.4,NYS,Yes,13.84798583984375
BOOT,Boot Barn Holdings Inc,178.38,NYS,Yes,7.177401733398438
BURL,Burlington Stores Inc,287.02,NYS,Yes,7.324993896484375
BWXT,BWX Technologies Inc,175.49,NYS,Yes,3.7210006713867188
CACI,CACI International Inc,539.48,NYS,Yes,10.8130126953125
CAMT,Camtek Ltd,107.9,NASDAQ,Yes,3.5675010681152344
CAR,Avis Budget Group Inc,129.72,NASDAQ,Yes,4.267002105712891
CASY,Caseys General Stores Inc,566.94,NASDAQ,Yes,11.495989990234374
CAT,Caterpillar Inc,578.61,NYS,Yes,11.43148193359375
CDNS,Cadence Design Systems Inc,317.71,NASDAQ,Yes,4.968118286132812
CDW,CDW Corp,138.61,NASDAQ,Yes,3.003001403808594
CEG,Constellation Energy Corp,358.33,NASDAQ,Yes,13.92900390625
CELC,Celcuity Inc,101.55,NASDAQ,Yes,3.335898590087891
CHTR,Charter Communications Inc,209.04,NASDAQ,Yes,4.035005187988281
CI,Cigna Group,276.01,NYS,Yes,3.6893035888671877
CIEN,Ciena Corp,239.0,NYS,Yes,8.845002746582031
CLH,Clean Harbors Inc,240.21,NYS,Yes,3.183001708984375
CLS,Celestica Inc,303.22,NYS,Yes,15.909991455078124
CME,CME Group Inc,278.42,NASDAQ,Yes,4.093997192382813
CMI,Cummins Inc,514.64,NYS,Yes,8.1690673828125
CNR,Core Natural Resources Inc,89.55,NYS,Yes,3.0222503662109377
COF,Capital One Financial Corp,245.75,NYS,Yes,3.3925018310546875
COHR,Coherent Corp,189.02,NYS,Yes,8.415501403808594
COIN,Coinbase Global Inc (Pre-Reincorpoartion),233.77,NASDAQ,Yes,8.203997802734374
COKE,Coca-Cola Consolidated Inc,154.62,NASDAQ,Yes,4.012998962402344
COR,Cencora Inc,340.25,NYS,Yes,4.847998046875
CORT,Corcept Therapeutics Inc,79.82,NASDAQ,Yes,4.315000915527344
COST,Costco Wholesale Corp,867.84,NASDAQ,Yes,10.744012451171875
CPAY,Corpay Inc,308.97,NYS,Yes,5.8195068359375
CR,Crane Co,188.25,NYS,Yes,3.220591735839844
CRCL,Circle Internet Group Inc,80.51,NYS,Yes,4.353799438476562
CRDO,Credo Technology Group Holding Ltd,144.7,NASDAQ,Yes,7.116099548339844
CRL,Charles River Laboratories International Inc,203.16,NYS,Yes,4.099000549316406
CRM,Salesforce Inc,266.23,NYS,Yes,4.405001831054688
CRS,Carpenter Technology Corp,325.4,NYS,Yes,8.624002075195312
CRWD,CrowdStrike Holdings Inc,475.91,NASDAQ,Yes,9.873019409179687
CRWV,CoreWeave Inc,74.92,NASDAQ,Yes,4.7225597381591795
CSL,Carlisle Companies Inc,326.89,NYS,Yes,6.8835906982421875
CTAS,Cintas Corp,191.04,NASDAQ,Yes,3.4139892578125
CVNA,Carvana Co,433.55,NYS,Yes,15.783001708984376
CW,Curtiss-Wright Corp,562.13,NYS,Yes,12.60244140625
CYBR,Cyberark Software Ltd,451.19,NASDAQ,Yes,7.097998046875
DASH,DoorDash Inc,231.01,NASDAQ,Yes,5.295501708984375
DAVE,Dave Inc,227.74,NASDAQ,Yes,10.931300354003906
DDOG,Datadog Inc,137.94,NASDAQ,Yes,3.1509994506835937
DE,Deere & Co,470.24,NYS,Yes,6.8899993896484375
DELL,Dell Technologies Inc,127.46,NYS,Yes,3.623992919921875
DHR,Danaher Corp,230.63,NYS,Yes,3.4480026245117186
DKS,DICK'S Sporting Goods Inc,202.14,NYS,Yes,5.741999816894531
DLR,Digital Realty Trust Inc,155.65,NYS,Yes,3.0340011596679686
DLTR,Dollar Tree Inc,123.93,NASDAQ,Yes,3.578997802734375
DPZ,Domino's Pizza Inc,421.25,NASDAQ,Yes,6.519998168945312
DRI,Darden Restaurants Inc,186.91,NYS,Yes,4.6179962158203125
DUOL,Duolingo Inc,180.17,NASDAQ,Yes,6.179100036621094
DY,Dycom Industries Inc,343.5,NYS,Yes,7.825460815429688
EAT,Brinker International Inc,143.3,NYS,Yes,5.010499572753906
ECL,Ecolab Inc,265.52,NYS,Yes,3.530999755859375
EFX,Equifax Inc,222.13,NYS,Yes,3.3155059814453125
EG,Everest Group Ltd,340.03,NYS,Yes,5.142001342773438
ELV,Elevance Health Inc,348.38,NYS,Yes,6.839498901367188
EME,EMCOR Group Inc,623.26,NYS,Yes,12.5940185546875
ENS,EnerSys,148.12,NYS,Yes,3.7619979858398436
ENSG,Ensign Group Inc,176.33,NASDAQ,Yes,3.3564987182617188
ENVA,Enova International Inc,162.86,NYS,Yes,4.171000671386719
EPAM,Epam Systems Inc,211.64,NYS,Yes,5.47349853515625
EQIX,Equinix Inc,765.0,NASDAQ,Yes,12.450506591796875
ESS,Essex Property Trust Inc,262.99,NYS,Yes,3.9687454223632814
ESTA,Establishment Labs Holdings Inc,72.92,NASDAQ,Yes,3.5775001525878904
ETN,Eaton Corporation PLC,321.45,NYS,Yes,6.27650146484375
EVR,Evercore Inc,347.19,NYS,Yes,7.49649658203125
EXP,Eagle Materials Inc,212.57,NYS,Yes,4.977000427246094
EXPE,Expedia Group Inc,286.82,NASDAQ,Yes,4.755999755859375
FANG,Diamondback Energy Inc,148.57,NASDAQ,Yes,3.8450042724609377
FCN,FTI Consulting Inc,175.87,NYS,Yes,3.4750030517578123
FDS,Factset Research Systems Inc,293.43,NYS,Yes,8.77298583984375
FDX,FedEx Corp,292.89,NYS,Yes,5.9640045166015625
FEIM,Frequency Electronics Inc,55.98,NASDAQ,Yes,4.293999862670899
FERG,Ferguson Enterprises Inc,227.06,NYS,Yes,3.46500244140625
FFIV,F5 Inc,259.43,NASDAQ,Yes,4.958998107910157
FIVE,Five Below Inc,189.07,NASDAQ,Yes,4.432000732421875
FIX,Comfort Systems USA Inc,950.67,NYS,Yes,30.58299560546875
FLUT,Flutter Entertainment PLC,217.14,NYS,Yes,3.9430999755859375
FN,Fabrinet,472.08,NYS,Yes,18.779495239257812
FSLR,First Solar Inc,268.25,NASDAQ,Yes,10.627989196777344
FTAI,FTAI Aviation Ltd,172.83,NASDAQ,Yes,6.8816986083984375
FUTU,Futu Holdings Ltd,166.03,NASDAQ,Yes,3.807200622558594
GD,General Dynamics Corp,340.48,NYS,Yes,4.759002685546875
GE,GE Aerospace,311.58,NYS,Yes,5.056997680664063
GEV,GE Vernova Inc,663.46,NYS,Yes,22.767510986328126
GH,Guardant Health Inc,101.39,NASDAQ,Yes,3.2485008239746094
GNRC,Generac Holdings Inc,138.48,NYS,Yes,5.517991638183593
GOOGL,Alphabet Inc,313.56,NASDAQ,Yes,5.5469970703125
GPCR,Structure Therapeutics Inc,67.38,NASDAQ,Yes,3.8771896362304688
GRAL,Grail Inc,87.88,NASDAQ,Yes,4.684199523925781
GRMN,Garmin Ltd,205.6,NYS,Yes,3.064503479003906
GS,Goldman Sachs Group Inc,892.18,NYS,Yes,15.812969970703126
GSAT,Globalstar Inc,59.99,NASDAQ,Yes,4.354999923706055
GWRE,Guidewire Software Inc,203.72,NYS,Yes,4.275
GWW,WW Grainger Inc,1026.31,NYS,Yes,15.514013671875
H,Hyatt Hotels Corp,164.74,NYS,Yes,3.4819992065429686
HCA,HCA Healthcare Inc,474.02,NYS,Yes,9.289999389648438
HD,Home Depot Inc,347.45,NYS,Yes,6.08099365234375
HEI,HEICO Corp,329.24,NYS,Yes,6.873089599609375
HII,Huntington Ingalls Industries Inc,345.73,NYS,Yes,9.014498901367187
HLNE,Hamilton Lane Inc,137.35,NASDAQ,Yes,3.163499450683594
HLT,Hilton Worldwide Holdings Inc,292.36,NYS,Yes,4.411904907226562
HOOD,Robinhood Markets Inc,117.43,NASDAQ,Yes,4.567630004882813
HRI,Herc Holdings Inc,154.81,NYS,Yes,5.02999267578125
HSY,Hershey Co,180.77,NYS,Yes,3.403997802734375
HUBB,Hubbell Inc,451.39,NYS,Yes,8.75146484375
HUBS,HubSpot Inc,399.37,NYS,Yes,11.479498291015625
HUM,Humana Inc,258.34,NYS,Yes,6.123995971679688
HUT,Hut 8 Corp,48.83,NASDAQ,Yes,4.654400634765625
HWM,Howmet Aerospace Inc,209.49,NYS,Yes,4.275
IBM,International Business Machines Corp,305.74,NYS,Yes,5.139495849609375
ICLR,ICON PLC,182.36,NASDAQ,Yes,5.06300048828125
IDCC,InterDigital Inc,330.26,NASDAQ,Yes,10.85399169921875
IDR,Idaho Strategic Resources Inc,43.08,NYS,Yes,3.2839897155761717
IDXX,IDEXX Laboratories Inc,687.89,NASDAQ,Yes,13.36099853515625
ILMN,Illumina Inc,134.48,NASDAQ,Yes,3.341998291015625
INBX,Inhibrx Biosciences Inc,79.27,NASDAQ,Yes,6.465798950195312
INSM,Insmed Inc,176.34,NASDAQ,Yes,6.382501220703125
INSP,Inspire Medical Systems Inc,93.67,NYS,Yes,5.308688354492188
INTU,Intuit Inc,674.15,NASDAQ,Yes,10.5030029296875
IONQ,IONQ Inc,45.25,NYS,Yes,3.4851200103759767
IQV,IQVIA Holdings Inc,227.11,NYS,Yes,3.2524993896484373
IRON,Disc Medicine Inc,78.29,NASDAQ,Yes,4.401999664306641
IRTC,iRhythm Technologies Inc,178.6,NASDAQ,Yes,4.411280822753906
ISRG,Intuitive Surgical Inc,575.4,NASDAQ,Yes,7.84000244140625
IT,Gartner Inc,253.8,NYS,Yes,5.348002624511719
JAZZ,Jazz Pharmaceuticals PLC,170.5,NASDAQ,Yes,3.256001281738281
JBHT,J B Hunt Transport Services Inc,197.55,NASDAQ,Yes,3.2204986572265626
JBL,Jabil Inc,234.97,NYS,Yes,8.86400146484375
JBTM,JBT Marel Corp,155.37,NYS,Yes,3.1740020751953124
JLL,Jones Lang LaSalle Inc,341.07,NYS,Yes,6.352996826171875
JPM,JPMorgan Chase & Co,323.75,NYS,Yes,4.65899658203125
KEYS,Keysight Technologies Inc,206.85,NYS,Yes,4.025001525878906
KLAC,KLA Corp,1260.39,NASDAQ,Yes,26.68299560546875
KRMN,Karman Holdings Inc,77.57,NYS,Yes,4.029299926757813
KRYS,Krystal Biotech Inc,253.68,NASDAQ,Yes,7.954994201660156
KTOS,Kratos Defense and Security Solutions Inc,77.47,NASDAQ,Yes,3.352001953125
KYMR,Kymera Therapeutics Inc,80.35,NASDAQ,Yes,3.1
LDOS,Leidos Holdings Inc,185.49,NYS,Yes,3.253401184082031
LECO,Lincoln Electric Holdings Inc,245.35,NASDAQ,Yes,3.432501220703125
LEU,Centrus Energy Corp,249.24,NYS,Yes,17.84200439453125
LH,Labcorp Holdings Inc,252.97,NYS,Yes,3.66700439453125
LHX,L3Harris Technologies Inc,295.93,NYS,Yes,4.668997192382813
LII,Lennox International Inc,496.58,NYS,Yes,9.0510009765625
LIN,Linde PLC,426.54,NASDAQ,Yes,4.714999389648438
LITE,Lumentum Holdings Inc,372.61,NASDAQ,Yes,18.879605102539063
LLY,Eli Lilly and Co,1078.73,NYS,Yes,20.8989990234375
LMND,Lemonade Inc,71.32,NYS,Yes,4.669596862792969
LMT,Lockheed Martin Corp,488.87,NYS,Yes,7.512002563476562
LNG,Cheniere Energy Inc,192.6,NYS,Yes,3.0165023803710938
LOPE,Grand Canyon Education Inc,168.22,NASDAQ,Yes,3.2694992065429687
LOW,Lowe's Companies Inc,243.83,NYS,Yes,3.9010009765625
LPLA,LPL Financial Holdings Inc,366.25,NASDAQ,Yes,8.87550048828125
LRCX,Lam Research Corp,175.87,NASDAQ,Yes,4.968998718261719
LULU,Lululemon Athletica Inc,212.54,NASDAQ,Yes,6.07099609375
MA,Mastercard Inc,577.9,NYS,Yes,6.089007568359375
MANH,Manhattan Associates Inc,176.29,NASDAQ,Yes,3.611500549316406
MAR,Marriott International Inc,314.41,NASDAQ,Yes,4.5982818603515625
MASI,Masimo Corp,130.82,NASDAQ,Yes,3.0834991455078127
MCD,McDonald's Corp,308.53,NYS,Yes,3.6029998779296877
MCK,McKesson Corp,830.42,NYS,Yes,10.41500244140625
MCO,Moody's Corp,519.06,NYS,Yes,7.283999633789063
MDB,MongoDB Inc,423.14,NASDAQ,Yes,10.343002319335938
MDGL,Madrigal Pharmaceuticals Inc,589.47,NASDAQ,Yes,18.50999755859375
MELI,MercadoLibre Inc,2014.97,NASDAQ,Yes,43.70933837890625
META,Meta Platforms Inc,658.69,NASDAQ,Yes,11.681982421875
MIDD,Middleby Corp,151.75,NASDAQ,Yes,3.300001525878906
MIRM,Mirum Pharmaceuticals Inc,80.21,NASDAQ,Yes,3.5719985961914062
MKSI,MKS Inc,162.81,NASDAQ,Yes,4.426217651367187
MLM,Martin Marietta Materials Inc,637.27,NYS,Yes,10.623974609375
MNDY,monday.com Ltd,145.38,NASDAQ,Yes,4.041902160644531
MOD,Modine Manufacturing Co,136.19,NYS,Yes,5.2120002746582035
MOH,Molina Healthcare Inc,166.54,NYS,Yes,4.435099792480469
MORN,Morningstar Inc,219.03,NASDAQ,Yes,4.655500793457032
MPC,Marathon Petroleum Corp,163.6,NYS,Yes,4.274497985839844
MPWR,Monolithic Power Systems Inc,930.04,NASDAQ,Yes,25.04940185546875
MSCI,MSCI Inc,585.76,NYS,Yes,9.27598876953125
MSFT,Microsoft Corp,487.1,NASDAQ,Yes,5.304006958007813
MSI,Motorola Solutions Inc,377.28,NYS,Yes,6.435992431640625
MSTR,Strategy Inc,155.39,NASDAQ,Yes,7.462789916992188
MTN,Vail Resorts Inc,137.04,NYS,Yes,4.877001953125
MTSI,MACOM Technology Solutions Holdings Inc,173.71,NASDAQ,Yes,5.008000183105469
MTZ,MasTec Inc,222.76,NYS,Yes,5.919000244140625
MU,Micron Technology Inc,294.37,NASDAQ,Yes,12.341989135742187
MUSA,Murphy USA Inc,406.63,NYS,Yes,8.576495361328124
NBIS,Nebius Group NV,86.04,NASDAQ,Yes,5.127000427246093
NBIX,Neurocrine Biosciences Inc,143.64,NASDAQ,Yes,3.8459991455078124
NDSN,Nordson Corp,243.14,NASDAQ,Yes,3.1250015258789063
NET,Cloudflare Inc,200.7,NYS,Yes,4.530001831054688
NKTR,Nektar Therapeutics,42.73,NASDAQ,Yes,3.406000518798828
NOC,NORTHROP GRUMMAN CORP,577.78,NYS,Yes,9.65899658203125
NOVT,Novanta Inc,122.6,NASDAQ,Yes,3.165000152587891
NOW,ServiceNow Inc,154.58,NYS,Yes,3.618524169921875
NRG,NRG Energy Inc,160.96,NYS,Yes,4.718504333496094
NSC,Norfolk Southern Corp,292.05,NYS,Yes,3.3315032958984374
NTRA,Natera Inc,231.3,NASDAQ,Yes,4.8176025390625
NUE,Nucor Corp,165.48,NYS,Yes,3.202001953125
NVDA,NVIDIA Corp,188.22,NASDAQ,Yes,3.9010025024414063
NVMI,Nova Ltd,333.99,NASDAQ,Yes,9.030999755859375
NVT,nVent Electric PLC,103.26,NYS,Yes,3.01614990234375
NXPI,NXP Semiconductors NV,220.46,NASDAQ,Yes,4.865998840332031
NXST,Nexstar Media Group Inc,202.42,NASDAQ,Yes,4.248500061035156
NXT,Nextpower Inc,90.21,NASDAQ,Yes,3.7310997009277345
OKLO,Oklo Inc,74.09,NYS,Yes,5.223500061035156
OLLI,Ollie's Bargain Outlet Holdings Inc,110.79,NASDAQ,Yes,3.0135009765625
ONC,BeOne Medicines AG,310.3,NASDAQ,Yes,6.060299682617187
ONTO,Onto Innovation Inc,159.07,NYS,Yes,4.880902099609375
ORCL,Oracle Corp,195.38,NYS,Yes,5.555996704101562
PANW,Palo Alto Networks Inc,186.85,NASDAQ,Yes,3.0690032958984377
PAYC,Paycom Software Inc,160.76,NYS,Yes,3.4599899291992187
PEN,Penumbra Inc,314.89,NYS,Yes,6.580892944335938
PGR,Progressive Corp,228.51,NYS,Yes,3.736952209472656
PH,Parker-Hannifin Corp,890.55,NYS,Yes,10.219000244140625
PI,Impinj Inc,171.59,NASDAQ,Yes,7.850102233886719
PKG,Packaging Corp of America,208.77,NYS,Yes,3.5985504150390626
PLTR,Palantir Technologies Inc,184.18,NASDAQ,Yes,6.044192504882813
PODD,Insulet Corp,287.36,NASDAQ,Yes,5.906002807617187
POOL,Pool Corp,229.33,NASDAQ,Yes,4.602500915527344
PRAX,Praxis Precision Medicines Inc,304.58,NASDAQ,Yes,13.5114990234375
PRI,Primerica Inc,259.24,NYS,Yes,3.95899658203125
PRIM,Primoris Services Corp,126.54,NYS,Yes,4.068998718261719
PSA,Public Storage,259.32,NYS,Yes,4.056997680664063
PSIX,Power Solutions International Inc,62.47,NASDAQ,Yes,3.4220001220703127
PTGX,Protagonist Therapeutics Inc,87.93,NASDAQ,Yes,3.145001220703125
PVLA,Palvella Therapeutics Inc,101.15,NASDAQ,Yes,7.672601318359375
PWR,Quanta Services Inc,431.03,NYS,Yes,8.933905029296875
QLYS,Qualys Inc,137.34,NASDAQ,Yes,3.757000732421875
R,Ryder System Inc,194.17,NYS,Yes,3.2864990234375
RCL,Royal Caribbean Cruises Ltd,282.69,NYS,Yes,7.838006591796875
RDDT,Reddit Inc,234.65,NYS,Yes,9.685688781738282
RDNT,RadNet Inc,72.81,NASDAQ,Yes,3.091999816894531
REGN,Regeneron Pharmaceuticals Inc,780.5,NASDAQ,Yes,14.182501220703125
RGA,Reinsurance Group of America Inc,204.96,NYS,Yes,3.588002014160156
RGEN,Repligen Corp,165.73,NASDAQ,Yes,4.606999206542969
RGLD,Royal Gold Inc,225.32,NASDAQ,Yes,5.132002258300782
RH,RH,184.63,NYS,Yes,7.734989929199219
RKLB,Rocket Lab Corp,70.12,NASDAQ,Yes,5.27929916381836
RL,Ralph Lauren Corp,356.89,NYS,Yes,7.68399658203125
RMBS,Rambus Inc,93.57,NASDAQ,Yes,3.727001953125
RMD,Resmed Inc,242.85,NYS,Yes,3.9384994506835938
RNR,Renaissancere Holdings Ltd,283.84,NYS,Yes,3.880499267578125
ROAD,Construction Partners Inc,111.6,NASDAQ,Yes,3.8428009033203123
ROK,Rockwell Automation Inc,396.48,NYS,Yes,6.285000610351562
ROKU,Roku Inc,111.24,NASDAQ,Yes,3.6464019775390626
ROP,Roper Technologies Inc,450.84,NASDAQ,Yes,5.969989013671875
RRX,Regal Rexnord Corp,143.54,NYS,Yes,3.572381591796875
RS,Reliance Inc,292.87,NYS,Yes,4.960986328125
RYTM,Rhythm Pharmaceuticals Inc,112.55,NASDAQ,Yes,4.171898651123047
SAIA,Saia Inc,331.34,NASDAQ,Yes,9.524996948242187
SANM,Sanmina Corp,153.76,NASDAQ,Yes,5.822998046875
SATS,EchoStar Corp,108.55,NASDAQ,Yes,4.262002563476562
SCCO,Southern Copper Corp,145.3,NYS,Yes,3.242411804199219
SE,Sea Ltd,130.89,NYS,Yes,3.6470001220703123
SEZL,Sezzle Inc,68.06,NASDAQ,Yes,4.146989440917968
SHOP,Shopify Inc,167.88,NASDAQ,Yes,4.7686004638671875
SHW,Sherwin-Williams Co,325.23,NYS,Yes,5.325006103515625
SITM,SiTime Corp,369.21,NASDAQ,Yes,14.610501098632813
SLAB,Silicon Laboratories Inc,132.7,NASDAQ,Yes,3.632000732421875
SNA,Snap-On Inc,351.0,NYS,Yes,4.588980102539063
SNDK,Sandisk Corp,244.25,NASDAQ,Yes,16.229998779296874
SNOW,Snowflake Inc,222.9,NYS,Yes,5.4988037109375
SNPS,Synopsys Inc,478.97,NASDAQ,Yes,10.369003295898438
SPGI,S&P Global Inc,530.1,NYS,Yes,7.588998413085937
SPOT,Spotify Technology SA,581.19,NYS,Yes,12.940606689453125
SPXC,SPX Technologies Inc,205.66,NYS,Yes,5.80250244140625
STE,STERIS plc,256.22,NYS,Yes,3.751997375488281
STLD,Steel Dynamics Inc,172.88,NASDAQ,Yes,3.3864959716796874
STRL,Sterling Infrastructure Inc,310.79,NASDAQ,Yes,13.194000244140625
STX,Seagate Technology Holdings PLC,281.3,NASDAQ,Yes,11.915005493164063
STZ,Constellation Brands Inc,138.51,NYS,Yes,3.4400039672851563
SYK,Stryker Corp,352.5,NYS,Yes,4.358499145507812
SYM,Symbotic Inc,59.82,NASDAQ,Yes,3.0487899780273438
TDG,TransDigm Group Inc,1315.96,NYS,Yes,21.35501708984375
TEAM,Atlassian Corp,163.99,NASDAQ,Yes,4.242788696289063
TEL,TE Connectivity PLC,231.8,NYS,Yes,4.186502075195312
TER,Teradyne Inc,197.36,NASDAQ,Yes,5.000003051757813
THC,Tenet Healthcare Corp,201.14,NYS,Yes,3.8160018920898438
TKO,TKO Group Holdings Inc,216.11,NYS,Yes,3.470001220703125
TLN,Talen Energy Corp,380.27,NASDAQ,Yes,14.4958984375
TMDX,Transmedics Group Inc,123.06,NASDAQ,Yes,4.867816925048828
TMO,Thermo Fisher Scientific Inc,585.07,NYS,Yes,8.55299072265625
TOL,Toll Brothers Inc,137.94,NYS,Yes,3.219500732421875
TPB,Turning Point Brands Inc,106.68,NYS,Yes,3.925360107421875
TPL,Texas Pacific Land Corp,294.53,NYS,Yes,10.272998046875
TRGP,Targa Resources Corp,183.93,NYS,Yes,3.35
TRV,Travelers Companies Inc,291.93,NYS,Yes,3.2490020751953126
TSEM,Tower Semiconductor Ltd,121.11,NASDAQ,Yes,4.940869140625
TSLA,Tesla Inc,459.64,NASDAQ,Yes,15.994998168945312
TSM,Taiwan Semiconductor Manufacturing Co Ltd,300.92,NYS,Yes,5.861001586914062
TT,Trane Technologies PLC,394.19,NYS,Yes,6.654998779296875
TTAN,ServiceTitan Inc,107.9,NASDAQ,Yes,3.017600250244141
TTMI,TTM Technologies Inc,71.21,NASDAQ,Yes,3.4485008239746096
TTWO,Take-Two Interactive Software Inc,255.7,NASDAQ,Yes,4.302003479003906
TWLO,Twilio Inc,141.52,NYS,Yes,3.7058990478515623
TXRH,Texas Roadhouse Inc,168.22,NASDAQ,Yes,3.365802001953125
TYL,Tyler Technologies Inc,460.72,NYS,Yes,7.095498657226562
UHS,Universal Health Services Inc,226.11,NYS,Yes,3.5029983520507812
ULTA,Ulta Beauty Inc,604.64,NASDAQ,Yes,10.956988525390624
UNF,UniFirst Corp,196.55,NYS,Yes,6.7239990234375
UNH,UnitedHealth Group Inc,328.94,NYS,Yes,6.440512084960938
URI,United Rentals Inc,819.51,NYS,Yes,18.90550537109375
UTHR,United Therapeutics Corp,502.9,NASDAQ,Yes,11.216998291015624
V,Visa Inc,354.61,NYS,Yes,3.4314056396484376
VEEV,Veeva Systems Inc,225.02,NYS,Yes,3.8610504150390623
VICR,Vicor Corp,112.0,NASDAQ,Yes,5.024000549316407
VLO,Valero Energy Corp,165.66,NYS,Yes,3.0597518920898437
VMC,Vulcan Materials Co,292.02,NYS,Yes,4.9539947509765625
VRSK,Verisk Analytics Inc,224.74,NASDAQ,Yes,3.1918594360351564
VRSN,"VeriSign, Inc",245.15,NASDAQ,Yes,3.3069976806640624
VRT,Vertiv Holdings Co,165.62,NYS,Yes,5.873490905761718
VRTX,Vertex Pharmaceuticals Inc,459.78,NASDAQ,Yes,6.856494140625
VSEC,VSE Corp,178.73,NASDAQ,Yes,5.919003295898437
VST,Vistra Corp,161.84,NYS,Yes,6.055097961425782
W,Wayfair Inc,102.03,NYS,Yes,3.8395011901855467
WAB,Westinghouse Air Brake Technologies Corp,217.16,NYS,Yes,3.5069976806640626
WAT,Waters Corp,385.1,NYS,Yes,6.641995239257812
WCC,Wesco International Inc,251.88,NYS,Yes,6.571989440917969
WDAY,Workday Inc,218.99,NASDAQ,Yes,3.4909957885742187
WDC,Western Digital Corp,179.68,NASDAQ,Yes,8.208741760253906
WGS,GeneDx Holdings Corp,129.34,NASDAQ,Yes,6.523502349853516
WING,Wingstop Inc,243.51,NASDAQ,Yes,8.255300903320313
WIX,Wix.Com Ltd,104.98,NASDAQ,Yes,3.5681396484375
WPM,Wheaton Precious Metals Corp,117.38,NYS,Yes,3.3359916687011717
WSM,Williams-Sonoma Inc,187.14,NYS,Yes,4.241000366210938
WSO,Watsco Inc,349.0,NYS,Yes,7.6419921875
WST,West Pharmaceutical Services Inc,275.6,NYS,Yes,5.650997924804687
WTW,Willis Towers Watson PLC,334.15,NASDAQ,Yes,4.225994873046875
WWD,Woodward Inc,307.1,NASDAQ,Yes,6.858248901367188
XPO,XPO Inc,139.02,NYS,Yes,3.91300048828125
ZBIO,Zenas Biopharma Inc,39.05,NASDAQ,Yes,3.6545005798339845
ZBRA,Zebra Technologies Corp,245.74,NASDAQ,Yes,6.165998840332032
ZS,Zscaler Inc,228.02,NASDAQ,Yes,4.335899353027344
