A,Agilent Technologies Inc,Yes,"1,884,040",NYS,$42B (Large),1.3
AA,Alcoa Corp,Yes,"7,430,940",NYS,$16B (Mid),1.91
AAL,American Airlines Group Inc,Yes,"52,015,760",NASDAQ,$11B (Mid),1.26
AAOI,Applied Optoelectronics Inc,Yes,"4,709,420",NASDAQ,$2B (Small),3.3
AAON,Aaon Inc,Yes,"1,121,040",NASDAQ,$7B (Small),1.11
AAP,Advance Auto Parts Inc,Yes,"2,210,070",NYS,$3B (Small),1.18
AAPL,Apple Inc,Yes,"36,923,370",NASDAQ,$4T (Large),1.09
ABAT,American Battery Technology Co,Yes,"6,709,520",NASDAQ,$624M (Micro),0.77
ABBV,AbbVie Inc,Yes,"5,913,750",NYS,$389B (Large),0.34
ABCL,Abcellera Biologics Inc,Yes,"4,727,720",NASDAQ,$1B (Micro),0.82
ABEO,Abeona Therapeutics Inc,Yes,"1,059,060",NASDAQ,$281M (Micro),1.17
ABEV,Ambev SA,Yes,"25,236,650",NYS,$40B (Mid),0.68
ABNB,Airbnb Inc,Yes,"3,221,290",NASDAQ,$84B (Large),1.16
ABR,Arbor Realty Trust Inc,Yes,"3,750,990",NYS,$2B (Micro),1.35
ABSI,Absci Corp,Yes,"3,718,780",NASDAQ,$501M (Micro),2.12
ABT,Abbott Laboratories,Yes,"5,020,330",NYS,$219B (Large),0.75
ABTC,American Bitcoin Corp,Yes,"12,055,650",NASDAQ,$2B (Micro),3.79
ABUS,Arbutus Biopharma Corp,Yes,"1,257,680",NASDAQ,$889M (Micro),0.71
ACAD,ACADIA Pharmaceuticals Inc,Yes,"1,161,800",NASDAQ,$5B (Small),0.66
ACGL,Arch Capital Group Ltd,Yes,"1,491,530",NASDAQ,$35B (Mid),0.42
ACH,Accendra Health Inc,Yes,"2,112,230",NYS,$190M (Micro),1.37
ACHC,Acadia Healthcare Company Inc,Yes,"2,542,170",NASDAQ,$1B (Micro),0.89
ACHR,Archer Aviation Inc,Yes,"37,462,170",NYS,$6B (Small),3.12
ACI,Albertsons Companies Inc,Yes,"11,608,530",NYS,$9B (Mid),0.47
ACMR,ACM Research Inc,Yes,"1,516,200",NASDAQ,$3B (Small),1.49
ACN,Accenture PLC,Yes,"3,315,130",NYS,$173B (Large),1.24
ACVA,ACV Auctions Inc,Yes,"2,168,710",NYS,$2B (Micro),1.63
ADBE,Adobe Inc,Yes,"3,200,180",NASDAQ,$140B (Large),1.51
ADC,Agree Realty Corp,Yes,"1,322,360",NYS,$8B (Mid),0.54
ADI,Analog Devices Inc,Yes,"3,005,070",NASDAQ,$147B (Large),1.04
ADM,Archer-Daniels-Midland Co,Yes,"2,876,160",NYS,$30B (Mid),0.7
ADMA,ADMA Biologics Inc,Yes,"1,937,900",NASDAQ,$4B (Small),0.48
ADNT,Adient PLC,Yes,"1,089,770",NYS,$2B (Micro),1.61
ADP,Automatic Data Processing Inc,Yes,"1,704,710",NASDAQ,$108B (Large),0.85
ADPT,Adaptive Biotechnologies Corp,Yes,"2,109,600",NASDAQ,$2B (Small),2.18
ADSK,Autodesk Inc,Yes,"1,210,660",NASDAQ,$59B (Large),1.45
ADT,ADT Inc,Yes,"4,257,390",NYS,$7B (Small),0.99
AEE,Ameren Corp,Yes,"1,342,110",NYS,$27B (Mid),0.58
AEG,Aegon Ltd,Yes,"3,682,250",NYS,$12B (Mid),0.8
AEHR,Aehr Test Systems,Yes,"1,020,100",NASDAQ,$790M (Micro),2.33
AEM,Agnico Eagle Mines Ltd,Yes,"2,212,650",NYS,$96B (Large),0.63
AEO,American Eagle Outfitters Inc,Yes,"5,464,140",NYS,$5B (Small),1.4
AEP,American Electric Power Company Inc,Yes,"3,123,950",NASDAQ,$62B (Large),0.61
AES,AES Corp,Yes,"6,687,010",NYS,$10B (Mid),0.98
AEVA,Aeva Technologies Inc,Yes,"4,913,430",NASDAQ,$1B (Micro),2.11
AFL,Aflac Inc,Yes,"1,601,470",NYS,$57B (Large),0.67
AFRM,Affirm Holdings Inc,Yes,"3,364,280",NASDAQ,$27B (Mid),3.57
AGIO,Agios Pharmaceuticals Inc,Yes,"1,108,750",NASDAQ,$2B (Micro),0.91
AGL,agilon health inc,Yes,"6,285,440",NYS,$411M (Micro),0.09
AGNC,AGNC Investment Corp,Yes,"20,015,550",NASDAQ,$12B (Mid),1.36
AI,C3.ai Inc,Yes,"5,242,420",NYS,$2B (Micro),1.98
AIG,American International Group Inc,Yes,"5,022,860",NYS,$41B (Mid),0.61
AISP,Airship AI Holdings Inc,Yes,"1,026,640",NASDAQ,$106M (Micro),0.34
AIV,Apartment Investment and Management Co,Yes,"2,075,510",NYS,$854M (Micro),1.35
AJG,Arthur J. Gallagher & Co.,Yes,"1,274,090",NYS,$68B (Large),0.66
AKAM,Akamai Technologies Inc,Yes,"1,901,160",NASDAQ,$13B (Mid),0.7
AKBA,Akebia Therapeutics Inc,Yes,"2,704,110",NASDAQ,$403M (Micro),0.38
AKR,Acadia Realty Trust,Yes,"1,625,520",NYS,$3B (Small),1.15
AL,Air Lease Corp,Yes,"1,280,470",NYS,$7B (Small),1.14
ALB,Albemarle Corp,Yes,"2,975,600",NYS,$19B (Mid),1.44
ALEC,Alector Inc,Yes,"1,068,160",NASDAQ,$203M (Micro),0.65
ALGM,Allegro Microsystems Inc,Yes,"1,665,920",NASDAQ,$6B (Small),1.63
ALHC,Alignment Healthcare Inc,Yes,"2,563,860",NASDAQ,$4B (Small),1.16
ALIT,Alight Inc,Yes,"12,244,090",NYS,$885M (Micro),1.09
ALK,Alaska Air Group Inc,Yes,"2,537,810",NYS,$6B (Small),1.21
ALKS,Alkermes Plc,Yes,"1,653,600",NASDAQ,$5B (Small),0.44
ALKT,Alkami Technology Inc,Yes,"1,119,940",NASDAQ,$2B (Small),0.53
ALL,Allstate Corp,Yes,"1,224,310",NYS,$56B (Large),0.23
ALLO,Allogene Therapeutics Inc,Yes,"4,043,800",NASDAQ,$384M (Micro),0.62
ALNY,Alnylam Pharmaceuticals Inc,Yes,"1,001,810",NASDAQ,$53B (Large),0.35
ALT,Altimmune Inc,Yes,"6,533,490",NASDAQ,$419M (Micro),0.08
ALTO,Alto Ingredients Inc,Yes,"1,261,350",NASDAQ,$185M (Micro),0.58
ALTS,ALT5 Sigma Corp,Yes,"4,284,920",NASDAQ,$176M (Micro),1.85
AM,Antero Midstream Corp,Yes,"2,090,330",NYS,$8B (Mid),0.78
AMAT,Applied Materials Inc,Yes,"5,591,500",NASDAQ,$239B (Large),1.7
AMBA,Ambarella Inc,Yes,"1,083,880",NASDAQ,$3B (Small),1.96
AMC,AMC Entertainment Holdings Inc,Yes,"33,240,780",NYS,$841M (Micro),1.81
AMCR,Amcor PLC,Yes,"15,463,230",NYS,$20B (Mid),0.67
AMD,Advanced Micro Devices Inc,Yes,"25,997,890",NASDAQ,$331B (Large),1.93
AMGN,Amgen Inc,Yes,"2,069,630",NASDAQ,$176B (Large),0.46
AMH,American Homes 4 Rent,Yes,"4,786,490",NYS,$12B (Mid),0.8
AMKR,Amkor Technology Inc,Yes,"4,220,050",NASDAQ,$13B (Mid),2.02
AMPX,Amprius Technologies Inc,Yes,"5,767,220",NYS,$1B (Micro),3.06
AMRX,Amneal Pharmaceuticals Inc,Yes,"1,365,630",NASDAQ,$4B (Small),1.36
AMT,American Tower Corp,Yes,"2,245,360",NYS,$79B (Large),0.93
AMX,America Movil SAB de CV,Yes,"1,640,830",NYS,$61B (Large),0.77
AMZN,Amazon.com Inc,Yes,"35,334,740",NASDAQ,$3T (Large),1.38
ANET,Arista Networks Inc,Yes,"6,429,850",NYS,$155B (Large),1.42
ANF,Abercrombie & Fitch Co,Yes,"1,521,020",NYS,$6B (Small),1.18
ANGO,AngioDynamics Inc,Yes,"1,017,770",NASDAQ,$406M (Micro),0.5
ANNX,Annexon Inc,Yes,"2,522,520",NASDAQ,$759M (Micro),1.18
AOS,A O Smith Corp,Yes,"1,129,180",NYS,$10B (Mid),1.35
APA,APA Corp (US),Yes,"4,899,980",NASDAQ,$9B (Mid),0.74
APD,Air Products and Chemicals Inc,Yes,"1,386,840",NYS,$59B (Large),0.88
APG,APi Group Corp,Yes,"2,461,380",NYS,$18B (Mid),1.71
APH,Amphenol Corp,Yes,"6,457,110",NYS,$172B (Large),1.2
APLD,Applied Digital Corp,Yes,"40,966,140",NASDAQ,$11B (Mid),7.29
APLE,Apple Hospitality REIT Inc,Yes,"2,040,400",NYS,$3B (Small),0.85
APLS,Apellis Pharmaceuticals Inc,Yes,"2,340,270",NASDAQ,$3B (Small),0.26
APLT,Applied Therapeutics Inc,Yes,"7,747,440",NASDAQ,$15M (Micro),2.09
APO,Apollo Global Management Inc,Yes,"2,299,760",NYS,$85B (Large),1.57
APP,Applovin Corp,Yes,"3,272,870",NASDAQ,$219B (Large),2.49
APPS,Digital Turbine Inc,Yes,"2,144,790",NASDAQ,$545M (Micro),2.27
APTV,Aptiv PLC,Yes,"1,664,400",NYS,$19B (Mid),1.52
AQST,Aquestive Therapeutics Inc,Yes,"6,657,380",NASDAQ,$477M (Micro),1.63
AR,Antero Resources Corp,Yes,"5,240,310",NYS,$10B (Mid),0.55
ARBE,Arbe Robotics Ltd,Yes,"8,168,150",NASDAQ,$148M (Micro),0.54
ARCC,Ares Capital Corp,Yes,"4,859,370",NASDAQ,$15B (Mid),0.63
ARCO,Arcos Dorados Holdings Inc,Yes,"1,065,520",NYS,$2B (Micro),0.47
ARDX,Ardelyx Inc,Yes,"7,254,400",NASDAQ,$2B (Micro),0.58
ARE,Alexandria Real Estate Equities Inc,Yes,"2,356,020",NYS,$9B (Mid),1.32
AREC,American Resources Corp,Yes,"4,277,480",NASDAQ,$342M (Micro),1.19
ARES,Ares Management Corp,Yes,"1,512,930",NYS,$57B (Large),1.54
ARHS,Arhaus Inc,Yes,"1,255,530",NASDAQ,$2B (Micro),2.51
ARI,Apollo Commercial Real Estate Finance Inc,Yes,"1,098,340",NYS,$1B (Micro),1.59
ARLO,Arlo Technologies Inc,Yes,"1,059,490",NYS,$1B (Micro),1.66
ARMK,Aramark,Yes,"1,806,550",NYS,$10B (Mid),1.09
AROC,Archrock Inc,Yes,"1,173,200",NYS,$5B (Small),0.92
ARQT,Arcutis Biotherapeutics Inc,Yes,"1,646,530",NASDAQ,$3B (Small),1.71
ARR,ARMOUR Residential REIT Inc,Yes,"3,540,740",NYS,$2B (Micro),1.44
ARRY,Array Technologies Inc,Yes,"5,298,700",NASDAQ,$1B (Micro),1.67
ARWR,Arrowhead Pharmaceuticals Inc,Yes,"3,259,840",NASDAQ,$9B (Mid),1.22
ASAN,Asana Inc,Yes,"2,826,330",NYS,$3B (Small),0.95
ASB,Associated Banc-Corp,Yes,"2,141,410",NYS,$4B (Small),0.81
ASML,ASML Holding NV,Yes,"1,547,010",NASDAQ,$494B (Large),1.89
ASO,Academy Sports and Outdoors Inc,Yes,"1,733,600",NASDAQ,$4B (Small),1.26
ASPN,Aspen Aerogels Inc,Yes,"2,412,850",NYS,$273M (Micro),3
ASTS,AST SpaceMobile Inc,Yes,"18,316,850",NASDAQ,$35B (Mid),2.7
ASX,ASE Technology Holding Co Ltd,Yes,"6,797,720",NYS,$38B (Mid),1.5
ATAI,Atai Beckley NV,Yes,"3,783,830",NASDAQ,$1B (Micro),1.61
ATEC,Alphatec Holdings Inc,Yes,"1,872,850",NASDAQ,$3B (Small),1.03
ATI,ATI Inc,Yes,"1,135,320",NYS,$17B (Mid),1.02
ATOS,Atossa Therapeutics Inc,Yes,"1,496,070",NASDAQ,$83M (Micro),1.37
ATYR,aTyr Pharma Inc,Yes,"1,885,100",NASDAQ,$70M (Micro),0.59
AU,Anglogold Ashanti PLC,Yes,"2,065,960",NYS,$47B (Large),0.6
AUPH,Aurinia Pharmaceuticals Inc,Yes,"1,053,120",NASDAQ,$2B (Micro),1.51
AUR,Aurora Innovation Inc,Yes,"19,312,780",NASDAQ,$9B (Mid),2.49
AUTL,Autolus Therapeutics PLC,Yes,"2,638,500",NASDAQ,$482M (Micro),1.97
AVAH,Aveanna Healthcare Holdings Inc,Yes,"1,281,740",NASDAQ,$2B (Micro),2.06
AVAV,AeroVironment Inc,Yes,"1,492,600",NASDAQ,$18B (Mid),1.25
AVDL,Avadel Pharmaceuticals PLC,Yes,"1,166,890",NASDAQ,$2B (Micro),1.31
AVGO,Broadcom Inc,Yes,"21,974,180",NASDAQ,$2T (Large),1.22
AVPT,AvePoint Inc,Yes,"1,574,990",NASDAQ,$3B (Small),1.09
AVTR,Avantor Inc,Yes,"8,446,900",NYS,$8B (Mid),0.95
AVXL,Anavex Life Sciences Corp,Yes,"1,996,950",NASDAQ,$382M (Micro),1.21
AWK,American Water Works Co Inc,Yes,"1,229,220",NYS,$25B (Mid),0.76
AXL,American Axle & Manufacturing Holdings Inc,Yes,"2,539,810",NYS,$929M (Micro),1.61
AXP,American Express Co,Yes,"2,027,780",NYS,$259B (Large),1.15
AXSM,Axsome Therapeutics Inc,Yes,"1,028,460",NASDAQ,$9B (Mid),0.39
AXTA,Axalta Coating Systems Ltd,Yes,"2,831,480",NYS,$7B (Small),1.29
AXTI,AXT Inc,Yes,"9,793,220",NASDAQ,$1B (Micro),1.98
AZN,AstraZeneca PLC,Yes,"4,197,520",NASDAQ,$294B (Large),0.35
B,Barrick Mining Corp,Yes,"11,532,030",NYS,$81B (Large),0.4
BA,Boeing Co,Yes,"7,100,570",NYS,$184B (Large),1.15
BABA,Alibaba Group Holding Ltd,Yes,"11,643,870",NYS,$360B (Large),0.38
BAC,Bank of America Corp,Yes,"27,481,030",NYS,$408B (Large),1.29
BAH,Booz Allen Hamilton Holding Corp,Yes,"1,758,080",NYS,$12B (Mid),0.34
BALL,Ball Corp,Yes,"2,194,680",NYS,$15B (Mid),1.13
BANC,Banc of California Inc,Yes,"1,692,410",NYS,$3B (Small),0.73
BARK,Bark Inc,Yes,"1,798,080",NYS,$106M (Micro),1.89
BAX,Baxter International Inc,Yes,"8,345,800",NYS,$11B (Mid),0.59
BB,BlackBerry Ltd,Yes,"7,770,980",NYS,$2B (Small),1.63
BBAI,BigBear.ai Holdings Inc,Yes,"58,337,880",NYS,$3B (Small),3.22
BBBY,Bed Bath & Beyond Inc,Yes,"2,285,580",NYS,$472M (Micro),3.01
BBD,Banco Bradesco SA,Yes,"23,532,580",NYS,$18B (Mid),0.5
BBIO,BridgeBio Pharma Inc,Yes,"2,081,300",NASDAQ,$15B (Mid),1.13
BBVA,Banco Bilbao Vizcaya Argentaria SA,Yes,"1,472,140",NYS,$136B (Large),0.85
BBWI,Bath & Body Works Inc,Yes,"6,064,800",NYS,$5B (Small),1.54
BBY,Best Buy Co Inc,Yes,"4,333,820",NYS,$15B (Mid),1.46
BCAB,Bioatla Inc,Yes,"2,609,080",NASDAQ,$21M (Micro),1.08
BCE,BCE Inc,Yes,"2,944,800",NYS,$22B (Mid),0.64
BCRX,BioCryst Pharmaceuticals Inc,Yes,"3,586,320",NASDAQ,$2B (Micro),0.83
BCS,Barclays PLC,Yes,"5,097,980",NYS,$90B (Large),0.96
BDN,Brandywine Realty Trust,Yes,"7,690,190",NYS,$525M (Micro),1.28
BDX,Becton Dickinson and Co,Yes,"1,430,560",NYS,$58B (Large),0.25
BE,Bloom Energy Corp,Yes,"11,218,420",NYS,$32B (Mid),3.09
BEAM,Beam Therapeutics Inc,Yes,"1,408,790",NASDAQ,$3B (Small),2.12
BEN,Franklin Resources Inc,Yes,"4,000,390",NYS,$13B (Mid),1.48
BF/B,Brown-Forman Corp,Yes,"4,316,590",NYS,$8B (Mid),0.4
BFLY,Butterfly Network Inc,Yes,"3,808,600",NYS,$1B (Micro),2.27
BG,Bunge Global SA,Yes,"1,537,430",NYS,$19B (Mid),0.77
BGC,Bgc Group Inc,Yes,"1,832,080",NASDAQ,$4B (Small),1.04
BGS,B&G Foods Inc,Yes,"1,893,000",NYS,$334M (Micro),0.51
BHC,Bausch Health Companies Inc,Yes,"1,744,210",NYS,$3B (Small),0.42
BHP,BHP Group Ltd,Yes,"3,346,660",NYS,$157B (Large),0.81
BHVN,Biohaven Ltd,Yes,"3,914,970",NYS,$1B (Micro),3.54
BIDU,Baidu Inc,Yes,"4,298,580",NASDAQ,$49B (Large),0.32
BIIB,Biogen Inc,Yes,"1,315,280",NASDAQ,$28B (Mid),0.16
BILI,Bilibili Inc,Yes,"2,428,220",NASDAQ,$10B (Mid),0.73
BILL,BILL Holdings Inc,Yes,"1,995,380",NYS,$5B (Small),1.31
BJ,BJ's Wholesale Club Holdings Inc,Yes,"1,594,090",NYS,$12B (Mid),0.36
BK,Bank of New York Mellon Corp,Yes,"2,983,440",NYS,$83B (Large),1.1
BKD,Brookdale Senior Living Inc,Yes,"2,949,080",NYS,$3B (Small),0.69
BKKT,Bakkt Holdings Inc,Yes,"1,564,140",NYS,$391M (Micro),5.94
BKR,Baker Hughes Co,Yes,"6,554,900",NASDAQ,$49B (Large),0.88
BKSY,Blacksky Technology Inc,Yes,"1,404,530",NYS,$919M (Micro),2.44
BLDP,Ballard Power Systems Inc,Yes,"2,883,130",NASDAQ,$830M (Micro),1.76
BLDR,Builders FirstSource Inc,Yes,"1,709,920",NYS,$14B (Mid),1.57
BLMN,Bloomin' Brands Inc,Yes,"2,314,740",NASDAQ,$598M (Micro),1.15
BLND,Blend Labs Inc,Yes,"1,976,820",NYS,$855M (Micro),1.25
BLNK,Blink Charging Co,Yes,"4,195,980",NASDAQ,$106M (Micro),1.84
BMBL,Bumble Inc,Yes,"2,962,070",NASDAQ,$916M (Micro),1.96
BMNR,Bitmine Immersion Technologies Inc,Yes,"39,773,880",NYS,$13B (Mid),1.35
BMRN,BioMarin Pharmaceutical Inc,Yes,"1,798,910",NASDAQ,$11B (Mid),0.26
BMY,Bristol-Myers Squibb Co,Yes,"11,383,630",NYS,$114B (Large),0.3
BN,Brookfield Corp,Yes,"4,247,060",NYS,$118B (Large),1.59
BNL,Broadstone Net Lease Inc,Yes,"1,978,810",NYS,$3B (Small),1.02
BNS,Bank of Nova Scotia,Yes,"2,635,180",NYS,$89B (Large),1.1
BORR,Borr Drilling Ltd,Yes,"4,323,120",NYS,$1B (Micro),1.1
BOX,Box Inc,Yes,"2,020,040",NYS,$4B (Small),0.8
BP,BP PLC,Yes,"9,180,580",NYS,$89B (Large),0.32
BRBR,Bellring Brands Inc,Yes,"3,605,370",NYS,$3B (Small),0.63
BRKR,Bruker Corp,Yes,"1,965,930",NASDAQ,$8B (Mid),1.19
BRO,Brown & Brown Inc,Yes,"2,387,210",NYS,$28B (Mid),0.79
BROS,Dutch Bros Inc,Yes,"2,697,330",NYS,$10B (Mid),2.55
BRSL,Brightstar Lottery PLC,Yes,"1,529,650",NYS,$3B (Small),1.06
BRX,Brixmor Property Group Inc,Yes,"2,534,780",NYS,$8B (Mid),1.09
BRZE,Braze Inc,Yes,"1,562,670",NASDAQ,$3B (Small),1.07
BSX,Boston Scientific Corp,Yes,"6,653,460",NYS,$145B (Large),0.67
BSY,Bentley Systems Inc,Yes,"2,024,800",NASDAQ,$12B (Mid),1.21
BTBT,Bit Digital Inc,Yes,"33,407,550",NASDAQ,$709M (Micro),3.95
BTDR,Bitdeer Technologies Group,Yes,"3,934,470",NASDAQ,$2B (Small),2.33
BTI,British American Tobacco plc,Yes,"3,057,440",NYS,$120B (Large),0.31
BTU,Peabody Energy Corp,Yes,"2,441,700",NYS,$4B (Small),0.51
BUD,Anheuser-Busch Inbev SA,Yes,"1,477,560",NYS,$118B (Large),0.54
BVN,Compania de Minas Buenaventura SAA,Yes,"1,769,690",NYS,$8B (Mid),0.33
BW,Babcock & Wilcox Enterprises Inc,Yes,"3,510,820",NYS,$883M (Micro),1.56
BWA,Borgwarner Inc,Yes,"1,806,030",NYS,$10B (Mid),1.09
BWIN,Baldwin Insurance Group Inc,Yes,"1,107,290",NASDAQ,$4B (Small),1.34
BX,Blackstone Inc,Yes,"3,181,730",NYS,$192B (Large),1.76
BXMT,Blackstone Mortgage Trust Inc,Yes,"1,420,950",NYS,$3B (Small),1.1
BXP,BXP Inc,Yes,"1,316,620",NYS,$11B (Mid),1.03
BXSL,Blackstone Secured Lending Fund,Yes,"1,976,570",NYS,$6B (Small),0.45
BYND,Beyond Meat Inc,Yes,"63,459,570",NASDAQ,$442M (Micro),2.67
BZ,Kanzhun Ltd,Yes,"2,958,670",NASDAQ,$8B (Mid),0.42
BZAI,Blaize Holdings Inc,Yes,"1,601,060",NASDAQ,$260M (Micro),0.35
C,Citigroup Inc,Yes,"11,158,570",NYS,$217B (Large),1.16
CABA,Cabaletta Bio Inc,Yes,"1,726,780",NASDAQ,$202M (Micro),3.26
CADE,Cadence Bank,Yes,"1,765,560",NYS,$8B (Mid),0.96
CAH,Cardinal Health Inc,Yes,"1,404,790",NYS,$48B (Large),0.65
CAKE,Cheesecake Factory Inc,Yes,"1,239,550",NASDAQ,$3B (Small),1.01
CALM,Cal-Maine Foods Inc,Yes,"1,625,020",NASDAQ,$4B (Small),0.24
CAN,Canaan Inc,Yes,"14,465,770",NASDAQ,$536M (Micro),2.86
CAPR,Capricor Therapeutics Inc,Yes,"1,443,360",NASDAQ,$1B (Micro),0.37
CAPT,Captivision Inc,Yes,"2,021,820",NASDAQ,$13M (Micro),1.07
CARR,Carrier Global Corp,Yes,"5,166,600",NYS,$47B (Large),1.32
CAT,Caterpillar Inc,Yes,"2,204,460",NYS,$289B (Large),1.57
CATX,Perspective Therapeutics Inc,Yes,"1,065,120",NYS,$211M (Micro),1.75
CB,Chubb Ltd,Yes,"1,305,980",NYS,$121B (Large),0.5
CBRE,CBRE Group Inc,Yes,"1,030,520",NYS,$49B (Large),1.34
CBRL,Cracker Barrel Old Country Store Inc,Yes,"1,693,480",NASDAQ,$670M (Micro),1.29
CC,Chemours Co,Yes,"2,362,460",NYS,$2B (Small),1.63
CCC,CCC Intelligent Solutions Holdings Inc,Yes,"6,671,760",NASDAQ,$5B (Small),0.67
CCCC,C4 Therapeutics Inc,Yes,"1,154,140",NASDAQ,$207M (Micro),2.98
CCEP,Coca-Cola Europacific Partners PLC,Yes,"1,353,740",NASDAQ,$40B (Mid),0.52
CCI,Crown Castle Inc,Yes,"2,311,890",NYS,$36B (Mid),0.98
CCL,Carnival Corp,Yes,"15,702,250",NYS,$37B (Mid),2.49
CCO,Clear Channel Outdoor Holdings Inc,Yes,"1,868,440",NYS,$1B (Micro),2.31
CCOI,Cogent Communications Holdings Inc,Yes,"1,074,310",NASDAQ,$1B (Micro),0.79
CDE,Coeur Mining Inc,Yes,"19,906,740",NYS,$13B (Mid),1.22
CDLX,Cardlytics Inc,Yes,"1,120,020",NASDAQ,$73M (Micro),1.06
CDNS,Cadence Design Systems Inc,Yes,"1,607,490",NASDAQ,$89B (Large),1.01
CDP,COPT Defense Properties,Yes,"1,274,690",NYS,$3B (Small),0.88
CDW,CDW Corp,Yes,"1,271,590",NASDAQ,$17B (Mid),1.07
CDXS,Codexis Inc,Yes,"1,045,770",NASDAQ,$148M (Micro),2.47
CE,Celanese Corp,Yes,"1,718,210",NYS,$5B (Small),1.12
CEG,Constellation Energy Corp,Yes,"2,547,800",NASDAQ,$107B (Large),1.14
CELH,Celsius Holdings Inc,Yes,"4,307,370",NASDAQ,$14B (Mid),0.9
CENN,Cenntro Inc (The Corporation),Yes,"1,653,770",NASDAQ,$14M (Micro),1.72
CENX,Century Aluminum Co,Yes,"1,947,860",NASDAQ,$4B (Small),2.25
CERT,Certara Inc,Yes,"1,992,850",NASDAQ,$1B (Micro),1.48
CF,CF Industries Holdings Inc,Yes,"2,066,860",NYS,$13B (Mid),0.7
CFG,Citizens Financial Group Inc,Yes,"3,907,900",NYS,$26B (Mid),1.09
CFLT,Confluent Inc,Yes,"10,098,720",NASDAQ,$11B (Mid),0.95
CG,Carlyle Group Inc,Yes,"1,611,890",NASDAQ,$24B (Mid),2.05
CGNX,Cognex Corp,Yes,"1,333,530",NASDAQ,$7B (Small),1.54
CHD,Church & Dwight Co Inc,Yes,"1,843,870",NYS,$21B (Mid),0.46
CHGG,Chegg Inc,Yes,"1,064,430",NYS,$103M (Micro),1.99
CHRS,Coherus Oncology Inc,Yes,"1,503,360",NASDAQ,$204M (Micro),1
CHRW,CH Robinson Worldwide Inc,Yes,"1,473,100",NASDAQ,$20B (Mid),0.9
CHTR,Charter Communications Inc,Yes,"1,610,970",NASDAQ,$27B (Mid),1.05
CHWY,Chewy Inc,Yes,"6,819,090",NYS,$13B (Mid),1.59
CI,Cigna Group,Yes,"1,310,230",NYS,$75B (Large),0.28
CIEN,Ciena Corp,Yes,"2,426,060",NYS,$32B (Mid),1.13
CIFR,Cipher Mining Inc,Yes,"20,565,600",NASDAQ,$7B (Small),2.96
CIG,Energy of Minas Gerais Co,Yes,"3,649,490",NYS,$4B (Small),0.89
CIVI,Civitas Resources Inc,Yes,"1,234,130",NYS,$2B (Small),0.93
CL,Colgate-Palmolive Co,Yes,"5,627,930",NYS,$66B (Large),0.28
CLF,Cleveland-Cliffs Inc,Yes,"13,331,680",NYS,$7B (Small),1.93
CLNE,Clean Energy Fuels Corp,Yes,"1,056,000",NASDAQ,$467M (Micro),2.21
CLOV,Clover Health Investments Corp,Yes,"4,873,570",NASDAQ,$1B (Micro),2.11
CLS,Celestica Inc,Yes,"1,967,690",NYS,$35B (Mid),1.87
CLSK,CleanSpark Inc,Yes,"21,213,450",NASDAQ,$3B (Small),3.48
CLVT,Clarivate PLC,Yes,"4,323,510",NYS,$2B (Small),1.52
CLX,Clorox Co,Yes,"2,239,080",NYS,$13B (Mid),0.59
CM,Canadian Imperial Bank of Commerce,Yes,"1,799,460",NYS,$84B (Large),1.04
CMA,Comerica Inc,Yes,"1,384,630",NYS,$12B (Mid),1.06
CMC,Commercial Metals Co,Yes,"1,258,970",NYS,$8B (Mid),1.49
CMCSA,Comcast Corp,Yes,"27,258,800",NASDAQ,$103B (Large),0.8
CME,CME Group Inc,Yes,"1,559,050",NASDAQ,$95B (Large),0.29
CMG,Chipotle Mexican Grill Inc,Yes,"13,727,730",NYS,$53B (Large),0.99
CMPS,Compass Pathways PLC,Yes,"1,494,030",NASDAQ,$693M (Micro),1.93
CMPX,Compass Therapeutics Inc.,Yes,"1,980,870",NASDAQ,$952M (Micro),1.26
CMS,CMS Energy Corp,Yes,"2,172,240",NYS,$21B (Mid),0.47
CNC,Centene Corp,Yes,"5,984,200",NYS,$23B (Mid),0.49
CNH,CNH Industrial NV,Yes,"10,592,010",NYS,$13B (Mid),1.31
CNK,Cinemark Holdings Inc,Yes,"2,700,090",NYS,$3B (Small),1.13
CNM,Core & Main Inc,Yes,"1,698,860",NYS,$11B (Mid),0.99
CNP,CenterPoint Energy Inc,Yes,"3,287,540",NYS,$25B (Mid),0.58
CNQ,Canadian Natural Resources Ltd,Yes,"10,065,120",NYS,$67B (Large),0.69
CNTA,Centessa Pharmaceuticals PLC,Yes,"1,322,020",NASDAQ,$3B (Small),1.56
CNX,CNX Resources Corp,Yes,"1,855,430",NYS,$5B (Small),0.66
CODI,Compass Diversified Holdings,Yes,"1,263,850",NYS,$414M (Micro),1.08
COF,Capital One Financial Corp,Yes,"3,042,640",NYS,$158B (Large),1.14
COGT,Cogent Biosciences Inc,Yes,"2,385,190",NASDAQ,$6B (Small),0.45
COHR,Coherent Corp,Yes,"3,506,470",NYS,$28B (Mid),1.86
COIN,Coinbase Global Inc,Yes,"7,823,720",NASDAQ,$65B (Large),3.71
COLB,Columbia Banking System Inc,Yes,"1,879,520",NASDAQ,$9B (Mid),0.59
COLD,Americold Realty Trust Inc,Yes,"6,115,200",NYS,$4B (Small),0.92
COMM,CommScope Holding Company Inc,Yes,"3,262,100",NASDAQ,$4B (Small),2.42
COMP,Compass Inc,Yes,"28,023,500",NYS,$7B (Small),2.55
COO,Cooper Companies Inc,Yes,"2,127,260",NASDAQ,$16B (Mid),1.03
COP,ConocoPhillips,Yes,"7,621,090",NYS,$120B (Large),0.33
CORT,Corcept Therapeutics Inc,Yes,"4,501,300",NASDAQ,$4B (Small),0.25
COST,Costco Wholesale Corp,Yes,"2,499,120",NASDAQ,$411B (Large),1.01
COTY,Coty Inc,Yes,"6,802,230",NYS,$3B (Small),0.95
COUR,Coursera Inc,Yes,"2,889,520",NYS,$1B (Micro),1.38
CPNG,Coupang Inc,Yes,"16,581,420",NYS,$42B (Large),1.2
CPRI,Capri Holdings Ltd,Yes,"1,968,860",NYS,$3B (Small),1.45
CPRT,Copart Inc,Yes,"7,097,940",NASDAQ,$39B (Mid),1.08
CPRX,Catalyst Pharmaceuticals Inc,Yes,"1,098,770",NASDAQ,$3B (Small),0.73
CPT,Camden Property Trust,Yes,"1,277,060",NYS,$12B (Mid),0.83
CRBG,Corebridge Financial Inc,Yes,"3,286,210",NYS,$16B (Mid),1.06
CRDF,Cardiff Oncology Inc,Yes,"1,050,930",NASDAQ,$207M (Micro),1.34
CRDO,Credo Technology Group Holding Ltd,Yes,"5,510,310",NASDAQ,$27B (Mid),2.65
CRGY,Crescent Energy Co,Yes,"6,111,810",NYS,$3B (Small),1.2
CRH,CRH PLC,Yes,"4,913,820",NYS,$88B (Large),1.19
CRI,Carter's Inc,Yes,"1,197,700",NYS,$1B (Micro),1.06
CRK,Comstock Resources Inc,Yes,"2,343,310",NYS,$6B (Small),0.38
CRM,Salesforce Inc,Yes,"5,201,560",NYS,$244B (Large),1.27
CRMD,CorMedix Inc,Yes,"5,302,870",NASDAQ,$601M (Micro),1.37
CRML,Critical Metals Corp,Yes,"17,990,890",NASDAQ,$2B (Micro),1.46
CRNX,Crinetics Pharmaceuticals Inc,Yes,"2,108,540",NASDAQ,$5B (Small),0.2
CROX,Crocs Inc,Yes,"1,250,940",NASDAQ,$4B (Small),1.56
CRSP,CRISPR Therapeutics AG,Yes,"1,712,420",NASDAQ,$5B (Small),1.72
CRSR,Corsair Gaming Inc,Yes,"1,068,020",NASDAQ,$615M (Micro),1.54
CRVS,Corvus Pharmaceuticals Inc,Yes,"1,513,430",NASDAQ,$507M (Micro),0.68
CRWD,CrowdStrike Holdings Inc,Yes,"2,239,540",NASDAQ,$119B (Large),1.03
CSCO,Cisco Systems Inc,Yes,"16,136,210",NASDAQ,$292B (Large),0.86
CSGP,CoStar Group Inc,Yes,"5,201,240",NASDAQ,$25B (Mid),0.83
CSIQ,Canadian Solar Inc,Yes,"4,910,120",NASDAQ,$1B (Micro),1.27
CSTM,Constellium SE,Yes,"1,179,000",NYS,$3B (Small),1.51
CSX,CSX Corp,Yes,"12,279,930",NASDAQ,$66B (Large),1.29
CTAS,Cintas Corp,Yes,"1,279,640",NASDAQ,$77B (Large),0.95
CTMX,CytomX Therapeutics Inc,Yes,"1,804,680",NASDAQ,$737M (Micro),2.43
CTRA,Coterra Energy Inc,Yes,"7,510,830",NYS,$19B (Mid),0.37
CTRE,CareTrust REIT Inc,Yes,"1,554,560",NYS,$8B (Mid),0.78
CTSH,Cognizant Technology Solutions Corp,Yes,"3,182,800",NASDAQ,$41B (Mid),0.95
CTVA,Corteva Inc,Yes,"2,675,110",NYS,$46B (Large),0.75
CUBE,CubeSmart,Yes,"2,422,180",NYS,$9B (Mid),1.13
CUE,Cue Biopharma Inc,Yes,"2,721,800",NASDAQ,$28M (Micro),1.51
CUK,Carnival PLC,Yes,"1,580,950",NYS,$5B (Small),2.52
CUZ,Cousins Properties Inc,Yes,"1,270,270",NYS,$4B (Small),1.2
CVBF,CVB Financial Corp,Yes,"1,377,450",NASDAQ,$3B (Small),0.7
CVE,Cenovus Energy Inc,Yes,"12,978,850",NYS,$31B (Mid),0.48
CVI,CVR Energy Inc,Yes,"1,514,790",NYS,$2B (Small),1.15
CVNA,Carvana Co,Yes,"2,646,880",NYS,$101B (Large),3.57
CVS,CVS Health Corp,Yes,"5,943,420",NYS,$102B (Large),0.49
CVX,Chevron Corp,Yes,"12,093,870",NYS,$326B (Large),0.69
CWAN,Clearwater Analytics Holdings Inc,Yes,"12,598,040",NYS,$7B (Small),0.66
CWH,Camping World Holdings Inc,Yes,"2,073,160",NYS,$1B (Micro),2.12
CWK,Cushman & Wakefield Ltd,Yes,"1,231,420",NYS,$4B (Small),1.47
CX,Cemex SAB de CV,Yes,"4,810,080",NYS,$18B (Mid),1.62
CXAI,CXApp Inc,Yes,"1,843,940",NASDAQ,$11M (Micro),0.88
CXM,Sprinklr Inc,Yes,"1,259,720",NYS,$2B (Micro),0.77
CYH,Community Health Systems Inc,Yes,"1,136,060",NYS,$460M (Micro),2.11
CYTK,Cytokinetics Inc,Yes,"1,983,620",NASDAQ,$8B (Mid),0.54
CZR,Caesars Entertainment Inc,Yes,"4,117,930",NASDAQ,$5B (Small),2.04
D,Dominion Energy Inc,Yes,"5,372,320",NYS,$50B (Large),0.7
DAL,Delta Air Lines Inc,Yes,"5,664,530",NYS,$47B (Large),1.37
DAN,Dana Inc,Yes,"1,459,370",NYS,$3B (Small),2.13
DAR,Darling Ingredients Inc,Yes,"1,780,730",NYS,$6B (Small),1.28
DASH,DoorDash Inc,Yes,"3,446,420",NASDAQ,$93B (Large),1.77
DAY,Dayforce Inc,Yes,"2,878,440",NYS,$11B (Mid),1.16
DB,Deutsche Bank AG,Yes,"2,039,700",NYS,$73B (Large),0.95
DBI,Designer Brands Inc,Yes,"1,155,990",NYS,$406M (Micro),1.09
DBRG,DigitalBridge Group Inc,Yes,"17,126,930",NYS,$3B (Small),1.71
DBX,Dropbox Inc,Yes,"3,380,310",NASDAQ,$7B (Small),0.63
DC,Dakota Gold Corp,Yes,"1,073,190",NYS,$651M (Micro),1.08
DD,Dupont De Nemours Inc,Yes,"3,906,300",NYS,$18B (Mid),1.08
DDD,3D Systems Corp,Yes,"5,514,800",NYS,$340M (Micro),2.39
DDL,Dingdong (Cayman) Ltd,Yes,"2,867,470",NYS,$536M (Micro),0.44
DDOG,Datadog Inc,Yes,"3,499,640",NASDAQ,$44B (Large),1.27
DE,Deere & Co,Yes,"1,205,050",NYS,$132B (Large),1.03
DECK,Deckers Outdoor Corp,Yes,"2,548,950",NYS,$15B (Mid),1.15
DEI,Douglas Emmett Inc,Yes,"1,945,790",NYS,$2B (Micro),1.16
DELL,Dell Technologies Inc,Yes,"6,041,820",NYS,$80B (Large),1.02
DENN,Denny's Corp,Yes,"1,614,170",NASDAQ,$321M (Micro),1.39
DEO,Diageo PLC,Yes,"2,012,040",NYS,$49B (Large),0.46
DG,Dollar General Corp,Yes,"3,210,170",NYS,$31B (Mid),0.25
DHC,Diversified Healthcare Trust,Yes,"1,308,570",NASDAQ,$1B (Micro),2.41
DHI,D.R. Horton Inc,Yes,"3,139,920",NYS,$46B (Large),1.45
DHR,Danaher Corp,Yes,"2,137,060",NYS,$168B (Large),0.92
DINO,HF Sinclair Corp,Yes,"2,464,470",NYS,$9B (Mid),0.85
DIS,Walt Disney Co,Yes,"8,222,000",NYS,$207B (Large),1.43
DJT,Trump Media & Technology Group Corp,Yes,"10,015,980",NASDAQ,$4B (Small),4.62
DK,Delek US Holdings Inc,Yes,"1,089,370",NYS,$2B (Micro),0.83
DKNG,Draftkings Inc,Yes,"8,786,400",NASDAQ,$18B (Mid),1.67
DKS,DICK'S Sporting Goods Inc,Yes,"1,493,400",NYS,$19B (Mid),1.24
DLO,Dlocal Ltd,Yes,"1,193,790",NASDAQ,$4B (Small),1.13
DLR,Digital Realty Trust Inc,Yes,"1,828,130",NYS,$54B (Large),1.14
DLTR,Dollar Tree Inc,Yes,"2,506,800",NASDAQ,$26B (Mid),0.74
DNLI,Denali Therapeutics Inc,Yes,"1,416,810",NASDAQ,$3B (Small),1.02
DNN,Denison Mines Corp,Yes,"41,478,150",NYS,$3B (Small),1.26
DNOW,DNOW Inc,Yes,"1,879,620",NYS,$3B (Small),0.79
DNUT,Krispy Kreme Inc,Yes,"2,247,740",NASDAQ,$733M (Micro),1.32
DOC,Healthpeak Properties Inc,Yes,"8,815,990",NYS,$12B (Mid),1.1
DOCN,DigitalOcean Holdings Inc,Yes,"1,705,200",NYS,$5B (Small),1.77
DOCS,Doximity Inc,Yes,"2,553,300",NYS,$8B (Mid),1.39
DOCU,DocuSign Inc,Yes,"2,587,740",NASDAQ,$14B (Mid),1.01
DOW,Dow Inc,Yes,"9,824,110",NYS,$19B (Mid),0.78
DRH,Diamondrock Hospitality Co,Yes,"1,848,300",NASDAQ,$2B (Micro),1.04
DRI,Darden Restaurants Inc,Yes,"1,661,700",NYS,$23B (Mid),0.64
DRS,Leonardo DRS Inc,Yes,"1,277,710",NASDAQ,$11B (Mid),0.46
DT,Dynatrace Inc,Yes,"2,956,890",NYS,$13B (Mid),0.84
DTE,DTE Energy Co,Yes,"1,074,310",NYS,$27B (Mid),0.5
DUK,Duke Energy Corp,Yes,"2,729,960",NYS,$91B (Large),0.5
DUOL,Duolingo Inc,Yes,"1,354,610",NASDAQ,$8B (Mid),0.86
DV,DoubleVerify Holdings Inc,Yes,"2,179,530",NYS,$2B (Micro),0.98
DVAX,Dynavax Technologies Corp,Yes,"5,329,310",NASDAQ,$2B (Micro),0.97
DVN,Devon Energy Corp,Yes,"7,776,580",NYS,$22B (Mid),0.66
DX,Dynex Capital Inc,Yes,"6,429,410",NYS,$2B (Micro),0.97
DXC,DXC Technology Co,Yes,"1,530,970",NYS,$3B (Small),1.07
DXCM,Dexcom Inc,Yes,"3,802,730",NASDAQ,$26B (Mid),1.49
DYN,Dyne Therapeutics Inc,Yes,"2,019,090",NASDAQ,$3B (Small),1.3
EA,Electronic Arts Inc,Yes,"1,421,580",NASDAQ,$51B (Large),0.73
EB,Eventbrite Inc,Yes,"2,308,690",NYS,$438M (Micro),1.4
EBAY,eBay Inc,Yes,"3,830,860",NASDAQ,$41B (Mid),1.38
EBC,Eastern Bankshares Inc,Yes,"1,550,600",NASDAQ,$5B (Small),0.81
EC,Ecopetrol SA,Yes,"2,853,370",NYS,$22B (Mid),0.78
ECL,Ecolab Inc,Yes,"1,064,540",NYS,$77B (Large),0.99
ECVT,Ecovyst Inc,Yes,"1,234,660",NYS,$1B (Micro),1.2
ED,Consolidated Edison Inc,Yes,"1,440,570",NYS,$36B (Mid),0.37
EDIT,Editas Medicine Inc,Yes,"1,834,030",NASDAQ,$202M (Micro),2.15
EFC,Ellington Financial Inc,Yes,"1,946,550",NYS,$1B (Micro),0.95
EFX,Equifax Inc,Yes,"1,246,070",NYS,$28B (Mid),1.55
EGO,Eldorado Gold Corp,Yes,"1,364,930",NYS,$8B (Mid),0.51
EIX,Edison International,Yes,"3,079,020",NYS,$23B (Mid),0.82
EL,Estee Lauder Companies Inc,Yes,"2,583,020",NYS,$41B (Mid),1.14
ELAN,Elanco Animal Health Inc,Yes,"3,785,290",NYS,$12B (Mid),1.87
ELF,elf Beauty Inc,Yes,"1,781,350",NYS,$5B (Small),1.7
ELME,Elme Communities,Yes,"7,861,930",NYS,$260M (Micro),0.76
ELS,Equity LifeStyle Properties Inc,Yes,"1,376,640",NYS,$12B (Mid),0.77
ELV,Elevance Health Inc,Yes,"1,167,200",NYS,$83B (Large),0.51
ELVN,Enliven Therapeutics Inc,Yes,"1,926,310",NASDAQ,$2B (Micro),0.37
EMN,Eastman Chemical Co,Yes,"1,403,890",NYS,$8B (Mid),1.25
EMR,Emerson Electric Co,Yes,"2,409,700",NYS,$81B (Large),1.26
ENB,Enbridge Inc,Yes,"4,260,310",NYS,$100B (Large),0.67
ENPH,Enphase Energy Inc,Yes,"5,071,670",NASDAQ,$5B (Small),1.37
ENTG,Entegris Inc,Yes,"2,450,090",NASDAQ,$16B (Mid),1.33
ENVX,Enovix Corp,Yes,"5,890,680",NASDAQ,$2B (Micro),2.13
EOG,EOG Resources Inc,Yes,"3,319,030",NYS,$57B (Large),0.49
EOLS,Evolus Inc,Yes,"1,253,250",NASDAQ,$366M (Micro),1.11
EOSE,Eos Energy Enterprises Inc,Yes,"13,707,120",NASDAQ,$5B (Small),2.15
EPD,Enterprise Products Partners LP,Yes,"3,565,700",NYS,$69B (Large),0.59
EPRT,Essential Properties Realty Trust Inc,Yes,"1,796,300",NYS,$6B (Small),1.01
EQH,Equitable Holdings Inc,Yes,"1,853,430",NYS,$14B (Mid),1.12
EQNR,Equinor ASA,Yes,"4,025,860",NYS,$59B (Large),0.33
EQR,Equity Residential,Yes,"2,157,920",NYS,$23B (Mid),0.76
EQT,EQT Corp,Yes,"8,454,240",NYS,$32B (Mid),0.73
EQX,Equinox Gold Corp,Yes,"7,512,780",NYS,$11B (Mid),1.24
ERAS,Erasca Inc,Yes,"8,873,930",NASDAQ,$2B (Micro),1.21
ERIC,Telefonaktiebolaget LM Ericsson,Yes,"8,834,480",NASDAQ,$29B (Mid),0.96
ES,Eversource Energy,Yes,"1,801,730",NYS,$25B (Mid),0.78
ESI,Element Solutions Inc,Yes,"1,787,110",NYS,$7B (Small),1.28
ESPR,Esperion Therapeutics Inc,Yes,"4,618,560",NASDAQ,$928M (Micro),1.09
ESRT,Empire State Realty Trust Inc,Yes,"1,209,240",NYS,$1B (Micro),1.37
ESTC,Elastic NV,Yes,"1,056,510",NYS,$8B (Mid),0.94
ET,Energy Transfer LP,Yes,"14,519,060",NYS,$58B (Large),0.67
ETN,Eaton Corporation PLC,Yes,"2,595,780",NYS,$126B (Large),1.19
ETR,Entergy Corp,Yes,"1,967,970",NYS,$42B (Large),0.64
ETSY,ETSY Inc,Yes,"3,025,760",NYS,$6B (Small),1.78
EVEX,Eve Holding Inc,Yes,"1,077,640",NYS,$2B (Micro),0.84
EVGO,EVgo Inc,Yes,"3,294,570",NASDAQ,$942M (Micro),2.58
EVH,Evolent Health Inc,Yes,"2,152,720",NYS,$465M (Micro),0.27
EVLV,Evolv Technologies Holdings Inc,Yes,"2,532,910",NASDAQ,$1B (Micro),1.86
EVRG,Evergy Inc,Yes,"1,775,170",NASDAQ,$17B (Mid),0.64
EVTL,Vertical Aerospace Ltd,Yes,"1,675,550",NYS,$650M (Micro),1.24
EVTV,Envirotech Vehicles Inc,Yes,"40,901,540",NASDAQ,$2M (Micro),0.69
EW,Edwards Lifesciences Corp,Yes,"2,752,680",NYS,$49B (Large),0.94
EWTX,Edgewise Therapeutics Inc,Yes,"1,182,990",NASDAQ,$3B (Small),0.27
EXAS,Exact Sciences Corp,Yes,"2,156,930",NASDAQ,$19B (Mid),1.42
EXC,Exelon Corp,Yes,"4,492,680",NASDAQ,$44B (Large),0.44
EXE,Expand Energy Corp,Yes,"2,726,860",NASDAQ,$24B (Mid),0.44
EXEL,Exelixis Inc,Yes,"2,282,610",NASDAQ,$12B (Mid),0.42
EXK,Endeavour Silver Corp,Yes,"15,824,890",NYS,$3B (Small),1.24
EXPE,Expedia Group Inc,Yes,"1,225,470",NASDAQ,$36B (Mid),1.42
EXPI,eXp World Holdings Inc,Yes,"1,082,060",NASDAQ,$2B (Micro),2.12
EXR,Extra Space Storage Inc,Yes,"1,182,430",NYS,$30B (Mid),1.28
EYE,National Vision Holdings Inc,Yes,"1,078,050",NASDAQ,$2B (Micro),1.39
F,Ford Motor Co,Yes,"55,053,360",NYS,$57B (Large),1.67
FANG,Diamondback Energy Inc,Yes,"1,788,820",NASDAQ,$42B (Large),0.6
FAST,Fastenal Co,Yes,"6,673,480",NASDAQ,$48B (Large),0.89
FATE,Fate Therapeutics Inc,Yes,"1,401,680",NASDAQ,$121M (Micro),2.25
FBIN,Fortune Brands Innovations Inc,Yes,"1,524,670",NYS,$7B (Small),1.41
FBP,First BanCorp,Yes,"1,027,890",NYS,$3B (Small),0.87
FCEL,Fuelcell Energy Inc,Yes,"1,659,590",NASDAQ,$362M (Micro),1.32
FCX,Freeport-McMoRan Inc,Yes,"18,511,910",NYS,$81B (Large),1.47
FDX,FedEx Corp,Yes,"1,650,460",NYS,$73B (Large),1.35
FE,FirstEnergy Corp,Yes,"3,404,210",NYS,$26B (Mid),0.63
FERG,Ferguson Enterprises Inc,Yes,"1,085,440",NYS,$47B (Large),1.14
FFAI,Faraday Future Intelligent Electric Inc,Yes,"7,170,280",NASDAQ,$185M (Micro),5.22
FFIV,F5 Inc,Yes,"1,003,130",NASDAQ,$16B (Mid),1
FHB,First Hawaiian Inc,Yes,"1,246,420",NASDAQ,$3B (Small),0.72
FHN,First Horizon Corp,Yes,"4,940,800",NYS,$12B (Mid),0.64
FIGS,Figs Inc,Yes,"2,265,920",NYS,$2B (Micro),1.3
FINV,FinVolution Group,Yes,"1,046,840",NYS,$1B (Micro),0.44
FIS,Fidelity National Information Services Inc,Yes,"2,042,520",NYS,$35B (Mid),0.92
FISV,Fiserv Inc,Yes,"6,337,880",NASDAQ,$38B (Mid),0.78
FITB,Fifth Third Bancorp,Yes,"6,227,640",NASDAQ,$33B (Mid),1
FIVE,Five Below Inc,Yes,"1,184,890",NASDAQ,$11B (Mid),1.14
FIVN,Five9 Inc,Yes,"1,557,640",NASDAQ,$2B (Micro),1.33
FLEX,Flex Ltd,Yes,"2,660,660",NASDAQ,$23B (Mid),1.24
FLG,Flagstar Bank NA,Yes,"4,931,140",NYS,$5B (Small),1.1
FLNC,Fluence Energy Inc,Yes,"3,824,260",NASDAQ,$4B (Small),2.89
FLO,Flowers Foods Inc,Yes,"4,020,960",NYS,$2B (Small),0.32
FLR,Fluor Corp,Yes,"2,710,390",NYS,$7B (Small),1.38
FLUT,Flutter Entertainment PLC,Yes,"1,498,850",NYS,$38B (Mid),1.15
FLYW,Flywire Corp,Yes,"1,136,130",NASDAQ,$2B (Micro),1.29
FMC,FMC Corp,Yes,"3,670,220",NYS,$2B (Micro),0.66
FNB,FNB Corp,Yes,"4,366,190",NYS,$6B (Small),0.94
FND,Floor & Decor Holdings Inc,Yes,"2,364,780",NYS,$8B (Mid),1.75
FNF,Fidelity National Financial Inc,Yes,"1,211,390",NYS,$15B (Mid),1.01
FOLD,Amicus Therapeutics Inc,Yes,"12,904,310",NASDAQ,$4B (Small),0.38
FOUR,Shift4 Payments Inc,Yes,"1,796,980",NYS,$6B (Small),1.63
FOXA,Fox Corp,Yes,"2,488,890",NASDAQ,$15B (Mid),0.52
FRO,Frontline Plc,Yes,"3,417,170",NYS,$6B (Small),0.07
FROG,Jfrog Ltd,Yes,"1,575,090",NASDAQ,$7B (Small),1.13
FRSH,Freshworks Inc,Yes,"3,010,260",NASDAQ,$3B (Small),0.89
FSK,FS KKR Capital Corp,Yes,"2,633,340",NYS,$4B (Small),0.89
FSLR,First Solar Inc,Yes,"2,110,850",NASDAQ,$26B (Mid),1.59
FSLY,Fastly Inc,Yes,"2,961,440",NASDAQ,$1B (Micro),1.03
FTAI,FTAI Aviation Ltd,Yes,"2,075,940",NASDAQ,$25B (Mid),1.54
FTI,TechnipFMC PLC,Yes,"2,896,560",NYS,$20B (Mid),0.72
FTNT,Fortinet Inc,Yes,"5,161,050",NASDAQ,$59B (Large),1.06
FTV,Fortive Corp,Yes,"3,139,300",NYS,$17B (Mid),1.12
FUBO,FuboTV Inc,Yes,"10,795,420",NYS,$3B (Small),2.06
FULT,Fulton Financial Corp,Yes,"1,424,790",NASDAQ,$4B (Small),0.88
FUN,Six Flags Entertainment Corp,Yes,"3,165,260",NYS,$2B (Micro),0.38
FUTU,Futu Holdings Ltd,Yes,"1,024,370",NASDAQ,$17B (Mid),0.43
FVRR,Fiverr International Ltd,Yes,"1,026,520",NYS,$670M (Micro),1.31
FWRG,First Watch Restaurant Group Inc,Yes,"1,266,950",NASDAQ,$950M (Micro),0.89
FYBR,Frontier Communications Parent Inc,Yes,"3,372,730",NASDAQ,$10B (Mid),0.95
G,Genpact Ltd,Yes,"1,102,100",NYS,$8B (Mid),0.74
GANX,Gain Therapeutics Inc,Yes,"1,156,460",NASDAQ,$89M (Micro),0.05
GAP,Gap Inc,Yes,"8,677,700",NYS,$11B (Mid),2.3
GAU,Galiano Gold Inc,Yes,"2,314,530",NYS,$691M (Micro),0.87
GBDC,Golub Capital BDC Inc,Yes,"2,199,530",NASDAQ,$4B (Small),0.45
GBTG,Global Business Travel Group Inc,Yes,"1,268,730",NYS,$4B (Small),0.74
GD,General Dynamics Corp,Yes,"1,340,530",NYS,$96B (Large),0.41
GDDY,GoDaddy Inc,Yes,"1,127,670",NYS,$15B (Mid),0.93
GDRX,GoodRx Holdings Inc,Yes,"2,124,100",NASDAQ,$950M (Micro),1.51
GDS,GDS Holdings Ltd,Yes,"1,654,990",NASDAQ,$8B (Mid),0.37
GE,GE Aerospace,Yes,"3,859,600",NYS,$339B (Large),1.41
GEN,Gen Digital Inc,Yes,"3,378,840",NASDAQ,$17B (Mid),1.09
GENI,Genius Sports Ltd,Yes,"4,008,810",NYS,$3B (Small),1.85
GEO,Geo Group Inc,Yes,"1,465,630",NYS,$2B (Small),0.73
GERN,Geron Corp,Yes,"6,420,280",NASDAQ,$855M (Micro),0.62
GETY,Getty Images Holdings Inc,Yes,"1,546,550",NYS,$541M (Micro),2.08
GEVO,Gevo Inc,Yes,"2,970,120",NASDAQ,$482M (Micro),1.49
GFI,Gold Fields Ltd,Yes,"2,139,670",NYS,$41B (Mid),0.69
GFS,GlobalFoundries Inc,Yes,"2,982,940",NASDAQ,$22B (Mid),1.49
GGB,Gerdau SA,Yes,"10,068,220",NYS,$5B (Small),1.43
GH,Guardant Health Inc,Yes,"1,928,110",NASDAQ,$14B (Mid),1.64
GHRS,GH Research PLC,Yes,"1,091,590",NASDAQ,$931M (Micro),1
GILD,Gilead Sciences Inc,Yes,"4,869,690",NASDAQ,$150B (Large),0.37
GLPI,Gaming and Leisure Properties Inc,Yes,"2,130,970",NASDAQ,$13B (Mid),0.69
GLUE,Monte Rosa Therapeutics Inc,Yes,"3,848,320",NASDAQ,$2B (Micro),1.64
GLW,Corning Inc,Yes,"4,618,440",NYS,$73B (Large),1.12
GLXY,Galaxy Digital Inc,Yes,"4,093,520",NASDAQ,$10B (Mid),3.85
GM,General Motors Co,Yes,"7,195,450",NYS,$77B (Large),1.36
GMAB,Genmab A/S,Yes,"1,637,160",NASDAQ,$21B (Mid),0.91
GME,GameStop Corp,Yes,"5,628,890",NYS,$10B (Mid),2.02
GMED,Globus Medical Inc,Yes,"1,673,190",NYS,$13B (Mid),1.06
GNL,Global Net Lease Inc,Yes,"2,126,900",NYS,$2B (Micro),1.1
GNTX,Gentex Corp,Yes,"1,945,190",NASDAQ,$5B (Small),0.77
GNW,Genworth Financial Inc,Yes,"3,664,760",NYS,$4B (Small),1.02
GO,Grocery Outlet Holding Corp,Yes,"2,808,560",NASDAQ,$937M (Micro),0.49
GOGO,Gogo Inc,Yes,"2,788,180",NASDAQ,$701M (Micro),1.05
GOOGL,Alphabet Inc,Yes,"25,091,120",NASDAQ,$2T (Large),1.1
GORO,Gold Resource Corp,Yes,"1,602,430",NYS,$157M (Micro),0.84
GOSS,Gossamer Bio Inc,Yes,"4,739,050",NASDAQ,$579M (Micro),1.93
GP,GreenPower Motor Company Inc,Yes,"7,770,520",NASDAQ,$4M (Micro),1.91
GPK,Graphic Packaging Holding Co,Yes,"4,083,090",NYS,$5B (Small),0.63
GPN,Global Payments Inc,Yes,"3,023,060",NYS,$19B (Mid),0.77
GPRO,GoPro Inc,Yes,"2,387,840",NASDAQ,$233M (Micro),1.73
GRAB,Grab Holdings Ltd,Yes,"41,931,190",NASDAQ,$20B (Mid),0.92
GRND,Grindr Inc,Yes,"1,151,160",NYS,$2B (Small),0.23
GROY,Gold Royalty Corp,Yes,"2,371,210",NYS,$987M (Micro),0.99
GS,Goldman Sachs Group Inc,Yes,"2,013,260",NYS,$282B (Large),1.33
GSBD,Goldman Sachs BDC Inc,Yes,"1,731,700",NYS,$1B (Micro),0.66
GSIT,GSI Technology Inc,Yes,"3,431,760",NASDAQ,$277M (Micro),1.45
GSK,GSK plc,Yes,"3,467,300",NYS,$103B (Large),0.47
GT,Goodyear Tire & Rubber Co,Yes,"5,836,500",NASDAQ,$3B (Small),1.18
GTES,Gates Industrial Corporation PLC,Yes,"1,644,800",NYS,$6B (Small),1.27
GTLB,GitLab Inc,Yes,"3,719,810",NASDAQ,$6B (Small),0.75
GTM,Zoominfo Technologies Inc,Yes,"3,931,950",NASDAQ,$3B (Small),1.08
GTN,Gray Media Inc,Yes,"1,000,860",NYS,$410M (Micro),0.9
GTX,Garrett Motion Inc,Yes,"1,929,700",NASDAQ,$4B (Small),0.33
GWRE,Guidewire Software Inc,Yes,"1,046,210",NYS,$16B (Mid),1.06
GXO,GXO Logistics Inc,Yes,"1,079,850",NYS,$7B (Small),1.72
HAIN,Hain Celestial Group Inc,Yes,"1,949,490",NASDAQ,$107M (Micro),0.62
HAL,Halliburton Co,Yes,"14,561,880",NYS,$27B (Mid),0.78
HALO,Halozyme Therapeutics Inc,Yes,"2,009,210",NASDAQ,$9B (Mid),0.97
HAS,Hasbro Inc,Yes,"1,557,800",NASDAQ,$12B (Mid),0.55
HAYW,Hayward Holdings Inc,Yes,"1,302,130",NYS,$4B (Small),1.13
HBAN,Huntington Bancshares Inc,Yes,"18,962,320",NASDAQ,$29B (Mid),0.98
HD,Home Depot Inc,Yes,"4,018,990",NYS,$373B (Large),1.08
HDB,HDFC Bank Ltd,Yes,"6,575,640",NYS,$170B (Large),0.56
HE,Hawaiian Electric Industries Inc,Yes,"3,976,630",NYS,$3B (Small),0.66
HESM,Hess Midstream LP,Yes,"1,320,570",NYS,$7B (Small),0.59
HIG,Hartford Insurance Group Inc,Yes,"1,120,160",NYS,$38B (Mid),0.61
HIMS,Hims & Hers Health Inc,Yes,"13,901,410",NYS,$7B (Small),2.43
HIW,Highwoods Properties Inc,Yes,"1,172,630",NYS,$3B (Small),1.09
HL,Hecla Mining Co,Yes,"20,944,280",NYS,$15B (Mid),1.26
HLF,Herbalife Ltd,Yes,"1,688,870",NYS,$2B (Micro),0.85
HLMN,Hillman Solutions Corp,Yes,"1,263,600",NASDAQ,$2B (Micro),1.66
HLN,Haleon PLC,Yes,"7,569,970",NYS,$44B (Large),0.19
HLT,Hilton Worldwide Holdings Inc,Yes,"1,558,100",NYS,$70B (Large),1.13
HLX,Helix Energy Solutions Group Inc,Yes,"1,360,230",NYS,$1B (Micro),1.26
HMC,Honda Motor Co Ltd,Yes,"1,184,780",NYS,$40B (Mid),0.39
HMY,Harmony Gold Mining Company Ltd,Yes,"3,229,150",NYS,$13B (Mid),0.93
HNST,Honest Company Inc,Yes,"2,369,270",NASDAQ,$288M (Micro),2.29
HOG,Harley-Davidson Inc,Yes,"2,523,210",NYS,$3B (Small),1.4
HOLX,Hologic Inc,Yes,"1,973,300",NASDAQ,$17B (Mid),0.72
HOMB,Home BancShares Inc,Yes,"1,081,510",NYS,$6B (Small),0.79
HON,Honeywell International Inc,Yes,"3,445,290",NASDAQ,$132B (Large),0.94
HOOD,Robinhood Markets Inc,Yes,"19,029,760",NASDAQ,$104B (Large),2.44
HOPE,Hope Bancorp Inc,Yes,"1,001,830",NASDAQ,$1B (Micro),0.85
HP,Helmerich and Payne Inc,Yes,"1,322,110",NYS,$3B (Small),0.57
HPE,Hewlett Packard Enterprise Co,Yes,"17,092,530",NYS,$30B (Mid),1.34
HPP,Hudson Pacific Properties Inc,Yes,"1,273,710",NYS,$527M (Micro),1.51
HPQ,HP Inc,Yes,"15,706,080",NYS,$20B (Mid),1.22
HR,Healthcare Realty Trust Inc,Yes,"2,470,830",NYS,$6B (Small),0.94
HRB,H & R Block Inc,Yes,"1,148,840",NYS,$6B (Small),0.36
HRL,Hormel Foods Corp,Yes,"4,105,340",NYS,$13B (Mid),0.33
HRTX,Heron Therapeutics Inc,Yes,"2,143,410",NASDAQ,$255M (Micro),1.26
HSBC,HSBC Holdings PLC,Yes,"1,609,930",NYS,$275B (Large),0.49
HST,Host Hotels & Resorts Inc,Yes,"5,955,130",NASDAQ,$13B (Mid),1.18
HSY,Hershey Co,Yes,"1,466,350",NYS,$38B (Mid),0.17
HTGC,Hercules Capital Inc,Yes,"1,052,650",NYS,$3B (Small),0.79
HTHT,H World Group Ltd,Yes,"1,512,040",NASDAQ,$15B (Mid),0.15
HTZ,Hertz Global Holdings Inc,Yes,"5,396,950",NASDAQ,$2B (Micro),2.14
HUMA,Humacyte Inc,Yes,"5,723,470",NASDAQ,$226M (Micro),1.94
HUN,Huntsman Corp,Yes,"4,079,070",NYS,$2B (Micro),0.72
HUT,Hut 8 Corp,Yes,"5,039,310",NASDAQ,$7B (Small),4.31
HUYA,HUYA Inc,Yes,"1,856,610",NYS,$775M (Micro),0.79
HWM,Howmet Aerospace Inc,Yes,"1,954,510",NYS,$88B (Large),1.26
HXL,Hexcel Corp,Yes,"1,007,860",NYS,$6B (Small),1.06
HYLN,Hyliion Holdings Corp,Yes,"1,202,550",NYS,$341M (Micro),2.58
HYMC,Hycroft Mining Holding Corporation,Yes,"4,510,670",NASDAQ,$2B (Small),2.62
IAG,IAMGOLD Corp,Yes,"6,184,450",NYS,$10B (Mid),1.36
IBKR,Interactive Brokers Group Inc,Yes,"3,562,110",NASDAQ,$120B (Large),1.24
IBM,International Business Machines Corp,Yes,"3,468,870",NYS,$284B (Large),0.68
IBN,ICICI Bank Ltd,Yes,"5,456,340",NYS,$110B (Large),0.4
ICE,Intercontinental Exchange Inc,Yes,"2,186,460",NYS,$95B (Large),1.03
IE,Ivanhoe Electric Inc,Yes,"1,685,130",NYS,$2B (Small),0.98
IEP,Icahn Enterprises LP,Yes,"1,329,860",NASDAQ,$5B (Small),0.77
IFF,International Flavors & Fragrances Inc,Yes,"1,441,210",NYS,$18B (Mid),1.07
IHS,IHS Holding Ltd,Yes,"1,125,370",NYS,$3B (Small),0.86
ILMN,Illumina Inc,Yes,"1,466,100",NASDAQ,$22B (Mid),1.46
IMAX,Imax Corp,Yes,"1,152,390",NYS,$2B (Micro),0.37
IMNM,Immunome Inc,Yes,"1,964,190",NASDAQ,$2B (Small),2.32
IMRX,Immuneering Corp,Yes,"3,944,850",NASDAQ,$301M (Micro),0.45
IMUX,Immunic Inc,Yes,"1,688,050",NASDAQ,$80M (Micro),1.6
IMVT,Immunovant Inc,Yes,"1,606,010",NASDAQ,$5B (Small),0.54
INCY,Incyte Corp,Yes,"2,137,150",NASDAQ,$21B (Mid),0.83
INDI,indie Semiconductor Inc,Yes,"2,340,690",NASDAQ,$870M (Micro),2.53
INDV,Indivior PLC,Yes,"1,741,990",NASDAQ,$4B (Small),1.14
INFY,Infosys Ltd,Yes,"8,278,300",NYS,$72B (Large),0.96
ING,ING Groep NV,Yes,"1,795,560",NYS,$83B (Large),0.85
INO,Inovio Pharmaceuticals Inc,Yes,"2,495,170",NASDAQ,$107M (Micro),1.73
INOD,Innodata Inc,Yes,"1,122,330",NASDAQ,$2B (Micro),2.43
INSM,Insmed Inc,Yes,"2,309,640",NASDAQ,$38B (Mid),1.11
INSP,Inspire Medical Systems Inc,Yes,"1,118,300",NYS,$3B (Small),0.75
INTC,Intel Corp,Yes,"87,972,030",NASDAQ,$217B (Large),1.39
INTR,Inter & Co Inc,Yes,"1,800,710",NASDAQ,$4B (Small),1.17
INTU,Intuit Inc,Yes,"1,540,880",NASDAQ,$180B (Large),1.24
INV,Innventure Inc,Yes,"1,570,360",NASDAQ,$261M (Micro),0.09
INVH,Invitation Homes Inc,Yes,"8,086,550",NYS,$16B (Mid),0.83
INVZ,Innoviz Technologies Ltd,Yes,"7,666,840",NASDAQ,$253M (Micro),1.36
IONQ,IONQ Inc,Yes,"16,090,100",NYS,$18B (Mid),2.63
IONS,Ionis Pharmaceuticals Inc,Yes,"1,815,710",NASDAQ,$13B (Mid),0.29
IOT,Samsara Inc,Yes,"4,900,230",NYS,$19B (Mid),1.61
IOVA,Iovance Biotherapeutics Inc,Yes,"10,962,680",NASDAQ,$973M (Micro),0.76
IP,International Paper Co,Yes,"4,110,440",NYS,$23B (Mid),1.1
IPSC,Century Therapeutics Inc,Yes,"3,508,580",NASDAQ,$169M (Micro),1.8
IQ,iQIYI Inc,Yes,"9,716,220",NASDAQ,$2B (Micro),0.08
IQV,IQVIA Holdings Inc,Yes,"1,090,970",NYS,$41B (Mid),1.37
IR,Ingersoll Rand Inc,Yes,"1,845,760",NYS,$34B (Mid),1.32
IRDM,Iridium Communications Inc,Yes,"1,534,340",NASDAQ,$2B (Micro),0.62
IREN,IREN Ltd,Yes,"29,696,130",NASDAQ,$13B (Mid),4.27
IRM,Iron Mountain Inc,Yes,"1,810,380",NYS,$26B (Mid),1.18
IRT,Independence Realty Trust Inc,Yes,"2,275,680",NYS,$4B (Small),1.01
IRWD,Ironwood Pharmaceuticals Inc,Yes,"11,808,530",NASDAQ,$660M (Micro),0.18
ISRG,Intuitive Surgical Inc,Yes,"1,307,610",NASDAQ,$208B (Large),1.66
ITT,ITT Inc,Yes,"1,000,170",NYS,$16B (Mid),1.37
ITUB,Itau Unibanco Holding SA,Yes,"14,864,040",NYS,$41B (Mid),0.61
ITW,Illinois Tool Works Inc,Yes,"1,314,590",NYS,$74B (Large),1.16
IVR,Invesco Mortgage Capital Inc,Yes,"2,391,280",NYS,$606M (Micro),1.71
IVVD,Invivyd Inc,Yes,"2,712,540",NASDAQ,$698M (Micro),0.62
IVZ,Invesco Ltd,Yes,"4,422,360",NYS,$13B (Mid),1.67
JAMF,Jamf Holding Corp,Yes,"1,297,120",NASDAQ,$2B (Micro),0.53
JANX,Janux Therapeutics Inc,Yes,"1,688,500",NASDAQ,$852M (Micro),2.87
JAZZ,Jazz Pharmaceuticals PLC,Yes,"1,184,730",NASDAQ,$10B (Mid),0.26
JBI,Janus International Group Inc,Yes,"1,384,960",NYS,$981M (Micro),1.49
JBLU,JetBlue Airways Corp,Yes,"15,811,610",NASDAQ,$2B (Micro),1.79
JCI,Johnson Controls International PLC,Yes,"5,702,100",NYS,$68B (Large),1.43
JD,JD.com Inc,Yes,"9,513,710",NASDAQ,$47B (Large),0.42
JEF,Jefferies Financial Group Inc,Yes,"2,167,670",NYS,$13B (Mid),1.5
JELD,JELD-WEN Holding Inc,Yes,"1,081,950",NYS,$235M (Micro),1.75
JHG,Janus Henderson Group PLC,Yes,"1,759,280",NYS,$7B (Small),1.52
JHX,James Hardie Industries PLC,Yes,"4,677,710",NYS,$13B (Mid),1.81
JMIA,Jumia Technologies AG,Yes,"3,125,730",NYS,$2B (Micro),2.34
JNJ,Johnson & Johnson,Yes,"5,885,550",NYS,$492B (Large),0.34
JOBY,Joby Aviation Inc,Yes,"24,365,090",NYS,$14B (Mid),2.58
JPM,JPMorgan Chase & Co,Yes,"8,050,430",NYS,$905B (Large),1.07
JSPR,Jasper Therapeutics Inc,Yes,"1,214,940",NASDAQ,$42M (Micro),3.08
KBH,KB Home,Yes,"1,264,850",NYS,$4B (Small),1.49
KBR,KBR Inc,Yes,"1,526,050",NYS,$6B (Small),0.52
KD,Kyndryl Holdings Inc,Yes,"1,839,710",NYS,$6B (Small),1.93
KDP,Keurig Dr Pepper Inc,Yes,"8,006,630",NASDAQ,$38B (Mid),0.35
KEY,KeyCorp,Yes,"12,758,730",NYS,$23B (Mid),1.09
KGC,Kinross Gold Corp,Yes,"6,959,340",NYS,$38B (Mid),0.74
KHC,Kraft Heinz Co,Yes,"13,921,650",NASDAQ,$28B (Mid),0.06
KIM,Kimco Realty Corp,Yes,"4,008,050",NYS,$14B (Mid),1.09
KKR,KKR & Co Inc,Yes,"2,945,840",NYS,$120B (Large),1.99
KMB,Kimberly-Clark Corp,Yes,"5,007,150",NASDAQ,$32B (Mid),0.27
KMI,Kinder Morgan Inc,Yes,"11,546,130",NYS,$60B (Large),0.69
KMX,Carmax Inc,Yes,"3,529,120",NYS,$6B (Small),1.36
KNX,Knight-Swift Transportation Holdings Inc,Yes,"2,780,220",NYS,$9B (Mid),1.16
KO,Coca-Cola Co,Yes,"14,559,380",NYS,$303B (Large),0.36
KOD,Kodiak Sciences Inc,Yes,"1,015,150",NASDAQ,$2B (Micro),2.64
KOPN,Kopin Corp,Yes,"2,583,430",NASDAQ,$518M (Micro),2.93
KOS,Kosmos Energy Ltd,Yes,"20,379,930",NYS,$446M (Micro),0.89
KR,Kroger Co,Yes,"6,190,070",NYS,$38B (Mid),0.61
KRC,Kilroy Realty Corp,Yes,"1,644,860",NYS,$5B (Small),1.12
KRG,Kite Realty Group Trust,Yes,"2,012,560",NYS,$5B (Small),0.91
KSS,Kohls Corp,Yes,"3,334,750",NYS,$2B (Small),1.47
KT,KT Corp,Yes,"1,574,540",NYS,$9B (Mid),0.65
KTOS,Kratos Defense and Security Solutions Inc,Yes,"3,542,260",NASDAQ,$19B (Mid),1.11
KULR,KULR Technology Group Inc,Yes,"1,228,470",NYS,$153M (Micro),2.04
KURA,Kura Oncology Inc,Yes,"1,404,980",NASDAQ,$819M (Micro),0.23
LAB,Standard BioTools Inc,Yes,"1,914,090",NASDAQ,$592M (Micro),1.3
LAR,Lithium Argentina AG,Yes,"3,579,010",NYS,$1B (Micro),1.24
LBRT,Liberty Energy Inc,Yes,"3,125,860",NYS,$3B (Small),0.49
LBTYA,Liberty Global Ltd,Yes,"1,684,980",NASDAQ,$2B (Micro),1.11
LC,LendingClub Corp,Yes,"1,437,560",NYS,$2B (Small),2.1
LCID,Lucid Group Inc,Yes,"7,424,190",NASDAQ,$4B (Small),1.17
LCTX,Lineage Cell Therapeutics Inc,Yes,"1,051,000",NYS,$394M (Micro),1.81
LDI,loanDepot Inc,Yes,"4,940,340",NYS,$970M (Micro),3.18
LEG,Leggett & Platt Inc,Yes,"1,460,980",NYS,$2B (Micro),0.75
LEGN,Legend Biotech Corp,Yes,"2,337,160",NASDAQ,$4B (Small),0.11
LEN,Lennar Corp,Yes,"3,335,760",NYS,$27B (Mid),1.47
LEU,Centrus Energy Corp,Yes,"1,075,310",NYS,$6B (Small),1.23
LEVI,Levi Strauss & Co,Yes,"1,666,090",NYS,$9B (Mid),1.33
LFMD,LifeMD Inc,Yes,"1,358,350",NASDAQ,$186M (Micro),1.9
LFST,LifeStance Health Group Inc,Yes,"1,572,570",NASDAQ,$3B (Small),1.12
LHX,L3Harris Technologies Inc,Yes,"1,281,280",NYS,$63B (Large),0.65
LI,Li Auto Inc,Yes,"4,706,100",NASDAQ,$18B (Mid),0.57
LIN,Linde PLC,Yes,"2,073,200",NASDAQ,$207B (Large),0.84
LITE,Lumentum Holdings Inc,Yes,"3,775,090",NASDAQ,$25B (Mid),1.51
LKQ,LKQ Corp,Yes,"2,753,690",NASDAQ,$9B (Mid),0.91
LLY,Eli Lilly and Co,Yes,"2,518,120",NYS,$1T (Large),0.39
LMND,Lemonade Inc,Yes,"1,771,590",NYS,$6B (Small),2.03
LMT,Lockheed Martin Corp,Yes,"1,996,970",NYS,$126B (Large),0.23
LNC,Lincoln National Corp,Yes,"1,451,540",NYS,$8B (Mid),1.3
LNG,Cheniere Energy Inc,Yes,"1,687,840",NYS,$42B (Large),0.27
LNT,Alliant Energy Corp,Yes,"1,677,340",NASDAQ,$17B (Mid),0.66
LODE,Comstock Inc,Yes,"1,307,990",NYS,$192M (Micro),1.66
LOGI,Logitech International SA,Yes,"1,009,010",NASDAQ,$14B (Mid),1.11
LOW,Lowe's Companies Inc,Yes,"2,344,700",NYS,$150B (Large),0.97
LPTH,LightPath Technologies Inc,Yes,"2,761,210",NASDAQ,$657M (Micro),0.99
LQDA,Liquidia Corp,Yes,"2,060,640",NASDAQ,$3B (Small),0.46
LRCX,Lam Research Corp,Yes,"11,533,010",NASDAQ,$274B (Large),1.8
LRN,Stride Inc,Yes,"1,000,630",NYS,$3B (Small),0.1
LSCC,Lattice Semiconductor Corp,Yes,"1,524,970",NASDAQ,$12B (Mid),1.7
LTBR,Lightbridge Corp,Yes,"1,034,680",NASDAQ,$534M (Micro),1.97
LTH,Life Time Group Holdings Inc,Yes,"1,816,180",NYS,$6B (Small),1.68
LULU,Lululemon Athletica Inc,Yes,"2,900,670",NASDAQ,$24B (Mid),1.01
LUMN,Lumen Technologies Inc,Yes,"9,009,980",NYS,$8B (Mid),1.53
LUNR,Intuitive Machines Inc,Yes,"12,565,850",NASDAQ,$3B (Small),1.38
LUV,Southwest Airlines Co,Yes,"7,594,950",NYS,$23B (Mid),1.15
LVS,Las Vegas Sands Corp,Yes,"5,077,730",NYS,$40B (Mid),0.92
LW,Lamb Weston Holdings Inc,Yes,"3,121,640",NYS,$6B (Small),0.43
LWLG,Lightwave Logic Inc,Yes,"2,132,360",NASDAQ,$604M (Micro),3.04
LX,Lexinfintech Holdings Ltd,Yes,"1,573,850",NASDAQ,$506M (Micro),0.77
LXRX,Lexicon Pharmaceuticals Inc,Yes,"1,442,130",NASDAQ,$425M (Micro),0.99
LYB,LyondellBasell Industries NV,Yes,"5,313,780",NYS,$16B (Mid),0.71
LYFT,Lyft Inc,Yes,"8,731,540",NASDAQ,$8B (Mid),1.94
LYG,Lloyds Banking Group PLC,Yes,"5,157,260",NYS,$80B (Large),0.92
LYV,Live Nation Entertainment Inc,Yes,"1,953,900",NYS,$34B (Mid),1.18
LZ,LegalZoom.com Inc,Yes,"1,443,440",NASDAQ,$2B (Micro),1.23
M,Macy's Inc,Yes,"5,455,410",NYS,$6B (Small),1.53
MA,Mastercard Inc,Yes,"2,558,610",NYS,$517B (Large),0.84
MAA,Mid-America Apartment Communities Inc,Yes,"1,049,370",NYS,$16B (Mid),0.78
MAC,Macerich Co,Yes,"1,441,180",NYS,$5B (Small),2.15
MAPS,WM Technology Inc,Yes,"1,263,350",NASDAQ,$136M (Micro),1.23
MAR,Marriott International Inc,Yes,"1,244,670",NASDAQ,$88B (Large),1.14
MARA,MARA Holdings Inc,Yes,"33,221,650",NASDAQ,$4B (Small),5.58
MAS,Masco Corp,Yes,"1,998,880",NYS,$14B (Mid),1.28
MAT,Mattel Inc,Yes,"3,157,410",NASDAQ,$7B (Small),0.7
MBOT,Microbot Medical Inc,Yes,"1,071,630",NASDAQ,$140M (Micro),1.29
MCD,McDonald's Corp,Yes,"2,884,750",NYS,$219B (Large),0.52
MCHP,Microchip Technology Inc,Yes,"8,051,230",NASDAQ,$41B (Mid),1.46
MCW,Mister Car Wash Inc,Yes,"1,032,180",NASDAQ,$2B (Micro),1.47
MDB,MongoDB Inc,Yes,"1,391,300",NASDAQ,$33B (Mid),1.39
MDLZ,Mondelez International Inc,Yes,"10,131,630",NASDAQ,$71B (Large),0.39
MDT,Medtronic PLC,Yes,"5,601,840",NYS,$125B (Large),0.72
MDU,MDU Resources Group Inc,Yes,"2,227,120",NYS,$4B (Small),0.82
MET,MetLife Inc,Yes,"2,829,430",NYS,$52B (Large),0.76
META,Meta Platforms Inc,Yes,"10,618,570",NASDAQ,$2T (Large),1.27
METC,Ramaco Resources Inc,Yes,"2,400,580",NASDAQ,$1B (Micro),1.46
MFA,MFA Financial Inc,Yes,"1,532,740",NYS,$990M (Micro),1.66
MFC,Manulife Financial Corp,Yes,"1,484,120",NYS,$63B (Large),0.83
MFG,Mizuho Financial Group Inc,Yes,"2,687,350",NYS,$98B (Large),0.4
MGA,Magna International Inc,Yes,"1,133,570",NYS,$16B (Mid),1.48
MGM,MGM Resorts International,Yes,"4,670,910",NYS,$9B (Mid),1.44
MGNI,Magnite Inc,Yes,"1,906,860",NASDAQ,$2B (Small),2.38
MGY,Magnolia Oil & Gas Corp,Yes,"1,648,760",NYS,$4B (Small),0.96
MIR,Mirion Technologies Inc,Yes,"2,255,680",NYS,$7B (Small),0.97
MIST,Milestone Pharmaceuticals Inc,Yes,"3,667,500",NASDAQ,$174M (Micro),0.46
MKC,McCormick & Company Inc,Yes,"2,533,860",NYS,$17B (Mid),0.61
MLCO,Melco Resorts & Entertainment Ltd,Yes,"1,357,560",NASDAQ,$3B (Small),0.62
MLTX,MoonLake Immunotherapeutics,Yes,"5,101,660",NASDAQ,$1B (Micro),1.22
MMC,Marsh & McLennan Companies Inc,Yes,"1,902,670",NYS,$91B (Large),0.74
MMM,3M Co,Yes,"2,120,520",NYS,$88B (Large),1.08
MNDY,monday.com Ltd,Yes,"1,092,870",NASDAQ,$8B (Mid),1.25
MNKD,MannKind Corp,Yes,"3,384,160",NASDAQ,$2B (Micro),0.83
MNMD,Mind Medicine (MindMed) Inc,Yes,"1,965,150",NASDAQ,$1B (Micro),2.62
MNST,Monster Beverage Corp,Yes,"3,856,250",NASDAQ,$76B (Large),0.45
MO,Altria Group Inc,Yes,"9,891,260",NYS,$97B (Large),0.5
MOD,Modine Manufacturing Co,Yes,"1,744,000",NYS,$7B (Small),1.69
MODG,Topgolf Callaway Brands Corp,Yes,"2,251,880",NYS,$3B (Small),0.97
MOH,Molina Healthcare Inc,Yes,"1,434,920",NYS,$9B (Mid),0.5
MOS,Mosaic Co,Yes,"6,186,640",NYS,$8B (Mid),0.98
MP,MP Materials Corp,Yes,"7,654,900",NYS,$11B (Mid),1.62
MPC,Marathon Petroleum Corp,Yes,"2,220,840",NYS,$53B (Large),0.74
MPLX,MPLX LP,Yes,"1,398,800",NYS,$54B (Large),0.55
MPW,Medical Properties Trust Inc,Yes,"5,590,170",NYS,$3B (Small),1.47
MQ,Marqeta Inc,Yes,"2,986,340",NASDAQ,$2B (Micro),1.48
MREO,Mereo BioPharma Group PLC,Yes,"59,369,050",NASDAQ,$79M (Micro),0.32
MRK,Merck & Co Inc,Yes,"11,639,990",NYS,$274B (Large),0.29
MRNA,Moderna Inc,Yes,"9,780,230",NASDAQ,$13B (Mid),1.32
MRVI,Maravai LifeSciences Holdings Inc,Yes,"1,228,730",NASDAQ,$1B (Micro),0.4
MRVL,Marvell Technology Inc,Yes,"13,354,740",NASDAQ,$71B (Large),1.96
MS,Morgan Stanley,Yes,"3,749,530",NYS,$296B (Large),1.2
MSFT,Microsoft Corp,Yes,"18,535,900",NASDAQ,$4T (Large),1.08
MSI,Motorola Solutions Inc,Yes,"1,005,620",NYS,$64B (Large),1
MSTR,Strategy Inc,Yes,"20,223,120",NASDAQ,$45B (Large),3.55
MT,ArcelorMittal SA,Yes,"1,212,140",NYS,$36B (Mid),1.5
MTCH,Match Group Inc,Yes,"3,119,950",NASDAQ,$8B (Mid),1.33
MTDR,Matador Resources Co,Yes,"1,427,730",NYS,$5B (Small),1.13
MTG,MGIC Investment Corp,Yes,"1,517,440",NYS,$6B (Small),0.83
MTN,Vail Resorts Inc,Yes,"1,111,750",NYS,$5B (Small),0.81
MU,Micron Technology Inc,Yes,"31,116,320",NASDAQ,$388B (Large),1.52
MUFG,Mitsubishi UFJ Financial Group Inc,Yes,"2,501,360",NYS,$194B (Large),0.38
MUR,Murphy Oil Corp,Yes,"2,183,250",NYS,$5B (Small),0.78
MUX,McEwen Inc,Yes,"1,182,220",NYS,$1B (Micro),1.13
MVIS,MicroVision Inc,Yes,"3,669,400",NASDAQ,$281M (Micro),1.35
MVST,Microvast Holdings Inc,Yes,"4,335,080",NASDAQ,$1B (Micro),3.38
NAK,Northern Dynasty Minerals Ltd,Yes,"6,906,520",NYS,$1B (Micro),0.09
NBIX,Neurocrine Biosciences Inc,Yes,"1,121,330",NASDAQ,$14B (Mid),0.31
NBP,NovaBridge Biosciences,Yes,"1,086,310",NASDAQ,$427M (Micro),1.63
NCLH,Norwegian Cruise Line Holdings Ltd,Yes,"12,579,070",NYS,$11B (Mid),2.07
NCNO,nCino Inc,Yes,"1,295,330",NASDAQ,$3B (Small),0.56
NDAQ,Nasdaq Inc,Yes,"3,045,930",NASDAQ,$56B (Large),1.02
NE,Noble Corporation PLC,Yes,"1,423,050",NYS,$5B (Small),1.12
NEE,Nextera Energy Inc,Yes,"6,741,130",NYS,$166B (Large),0.74
NEM,Newmont Corporation,Yes,"7,648,290",NYS,$119B (Large),0.42
NEO,Neogenomics Inc,Yes,"1,482,000",NASDAQ,$2B (Micro),1.58
NEOG,Neogen Corp,Yes,"5,405,640",NASDAQ,$2B (Micro),1.99
NET,Cloudflare Inc,Yes,"1,965,920",NYS,$64B (Large),1.96
NEXT,NextDecade Corp,Yes,"2,986,340",NASDAQ,$1B (Micro),1.99
NFE,New Fortress Energy Inc,Yes,"9,033,580",NASDAQ,$336M (Micro),1
NFLX,Netflix Inc,Yes,"34,932,290",NASDAQ,$409B (Large),1.71
NG,NovaGold Resources Inc,Yes,"2,167,380",NYS,$4B (Small),0.83
NGD,New Gold Inc,Yes,"14,188,640",NYS,$8B (Mid),0.6
NI,NiSource Inc,Yes,"2,512,780",NYS,$20B (Mid),0.64
NINE,Nine Energy Service Inc,Yes,"2,562,770",NYS,$18M (Micro),2.22
NIO,NIO Inc,Yes,"56,337,390",NYS,$11B (Mid),1.09
NKE,Nike Inc,Yes,"21,339,910",NYS,$98B (Large),1.28
NLY,Annaly Capital Management Inc,Yes,"9,881,960",NYS,$16B (Mid),1.3
NN,NextNav Inc,Yes,"1,059,240",NASDAQ,$2B (Micro),0.98
NNDM,Nano Dimension Ltd,Yes,"1,765,080",NASDAQ,$355M (Micro),0.91
NNN,NNN REIT Inc,Yes,"1,352,240",NYS,$8B (Mid),0.85
NNOX,Nano-X Imaging Ltd,Yes,"1,166,170",NASDAQ,$206M (Micro),1.31
NOC,NORTHROP GRUMMAN CORP,Yes,"1,057,630",NYS,$88B (Large),0.04
NOG,Northern Oil and Gas Inc,Yes,"2,044,440",NYS,$2B (Small),1.02
NOK,Nokia Oyj,Yes,"25,716,270",NYS,$35B (Mid),0.81
NOMD,Nomad Foods Ltd,Yes,"2,303,870",NYS,$2B (Micro),0.7
NOV,Nov Inc,Yes,"3,607,430",NYS,$6B (Small),0.95
NOW,ServiceNow Inc,Yes,"7,462,170",NYS,$148B (Large),0.97
NPWR,NET Power Inc,Yes,"1,130,780",NYS,$618M (Micro),0.84
NRG,NRG Energy Inc,Yes,"1,671,740",NYS,$29B (Mid),1.26
NRGV,Energy Vault Holdings Inc,Yes,"3,113,690",NYS,$888M (Micro),0.92
NRIX,Nurix Therapeutics Inc,Yes,"1,267,700",NASDAQ,$2B (Micro),1.96
NSA,National Storage Affiliates Trust,Yes,"1,471,960",NYS,$2B (Small),1.22
NSP,Insperity Inc,Yes,"1,158,650",NYS,$2B (Micro),0.48
NTAP,NetApp Inc,Yes,"1,701,650",NASDAQ,$21B (Mid),1.38
NTLA,Intellia Therapeutics Inc,Yes,"4,257,060",NASDAQ,$1B (Micro),2.1
NTNX,Nutanix Inc,Yes,"3,002,000",NASDAQ,$14B (Mid),0.48
NTST,Netstreit Corp,Yes,"1,439,140",NYS,$1B (Micro),0.88
NU,Nu Holdings Ltd,Yes,"33,252,170",NYS,$85B (Large),1.08
NUAI,New Era Energy & Digital Inc,Yes,"7,964,320",NASDAQ,$191M (Micro),1.28
NUE,Nucor Corp,Yes,"1,522,660",NYS,$37B (Mid),1.86
NUVB,Nuvation Bio Inc,Yes,"4,903,280",NYS,$3B (Small),1.52
NVAX,Novavax Inc,Yes,"3,167,830",NASDAQ,$1B (Micro),2.58
NVCR,Novocure Ltd,Yes,"1,124,390",NASDAQ,$2B (Micro),0.73
NVDA,NVIDIA Corp,Yes,"144,349,470",NASDAQ,$4T (Large),2.31
NVO,Novo Nordisk A/S,Yes,"19,207,140",NYS,$198B (Large),0.67
NVRI,Enviri Corp,Yes,"1,155,590",NYS,$1B (Micro),1.77
NVS,Novartis AG,Yes,"1,307,120",NYS,$272B (Large),0.5
NVST,Envista Holdings Corp,Yes,"1,777,340",NYS,$4B (Small),1.02
NVT,nVent Electric PLC,Yes,"1,532,690",NYS,$17B (Mid),1.32
NVTS,Navitas Semiconductor Corp,Yes,"25,899,030",NASDAQ,$2B (Small),3.17
NVX,NOVONIX Ltd,Yes,"1,897,290",NASDAQ,$313M (Micro),2.68
NWG,NatWest Group PLC,Yes,"2,081,470",NYS,$69B (Large),0.89
NWL,Newell Brands Inc,Yes,"5,968,460",NASDAQ,$2B (Micro),0.93
NWSA,News Corp,Yes,"2,940,670",NASDAQ,$10B (Mid),0.99
NXDR,Nextdoor Holdings Inc,Yes,"4,457,240",NYS,$776M (Micro),1.18
NXPI,NXP Semiconductors NV,Yes,"2,496,730",NASDAQ,$61B (Large),1.48
NYT,New York Times Co,Yes,"1,439,900",NYS,$12B (Mid),1.11
O,Realty Income Corp,Yes,"6,239,740",NYS,$54B (Large),0.8
OBDC,Blue Owl Capital Corp,Yes,"4,274,900",NYS,$6B (Small),0.7
OC,Owens Corning,Yes,"1,021,050",NYS,$10B (Mid),1.35
OCGN,Ocugen Inc,Yes,"3,877,340",NASDAQ,$468M (Micro),3.49
OCUL,Ocular Therapeutix Inc,Yes,"2,432,810",NASDAQ,$2B (Small),0.9
ODFL,Old Dominion Freight Line Inc,Yes,"1,656,910",NASDAQ,$36B (Mid),1.28
OGE,OGE Energy Corp,Yes,"1,313,690",NYS,$9B (Mid),0.61
OGN,Organon & Co,Yes,"5,190,510",NYS,$2B (Micro),0.55
OHI,Omega Healthcare Investors Inc,Yes,"1,421,710",NYS,$13B (Mid),0.55
OI,O-I Glass Inc,Yes,"2,401,330",NYS,$2B (Small),0.79
OKE,ONEOK Inc,Yes,"3,105,480",NYS,$46B (Large),0.93
OKLO,Oklo Inc,Yes,"13,796,920",NYS,$16B (Mid),0.8
OKTA,Okta Inc,Yes,"1,951,070",NASDAQ,$16B (Mid),0.77
OLLI,Ollie's Bargain Outlet Holdings Inc,Yes,"1,176,990",NASDAQ,$7B (Small),0.52
OLMA,Olema Pharmaceuticals Inc,Yes,"1,269,080",NASDAQ,$2B (Small),1.91
OLN,Olin Corp,Yes,"2,577,570",NYS,$3B (Small),1.64
OLPX,Olaplex Holdings Inc,Yes,"3,394,600",NASDAQ,$1B (Micro),2.27
OMC,Omnicom Group Inc,Yes,"3,660,440",NYS,$25B (Mid),0.76
OMER,Omeros Corp,Yes,"4,479,640",NASDAQ,$886M (Micro),2.43
ON,ON Semiconductor Corp,Yes,"8,265,310",NASDAQ,$25B (Mid),1.56
ONB,Old National Bancorp,Yes,"2,436,890",NASDAQ,$9B (Mid),0.84
ONDS,Ondas Holdings Inc,Yes,"98,521,620",NASDAQ,$5B (Small),2.47
ONON,On Holding AG,Yes,"4,488,950",NYS,$16B (Mid),2.16
OPAD,Offerpad Solutions Inc,Yes,"13,796,640",NYS,$81M (Micro),2.41
OPCH,Option Care Health Inc,Yes,"1,604,590",NASDAQ,$5B (Small),0.84
OPEN,Opendoor Technologies Inc,Yes,"68,546,050",NASDAQ,$7B (Small),3.7
OPK,OPKO Health Inc,Yes,"4,066,130",NASDAQ,$1B (Micro),1.47
OPTT,Ocean Power Technologies Inc,Yes,"20,034,210",NYS,$94M (Micro),2.54
OPTU,Optimum Communications Inc,Yes,"2,724,910",NYS,$893M (Micro),1.52
ORBS,Eightco Holdings Inc,Yes,"9,894,850",NASDAQ,$332M (Micro),2.93
ORC,Orchid Island Capital Inc,Yes,"7,257,300",NYS,$1B (Micro),1.69
ORCL,Oracle Corp,Yes,"16,099,200",NYS,$570B (Large),1.64
ORGN,Origin Materials Inc,Yes,"2,948,120",NASDAQ,$35M (Micro),0.99
ORGO,Organogenesis Holdings Inc,Yes,"1,061,450",NASDAQ,$534M (Micro),1.45
ORI,Old Republic International Corp,Yes,"1,468,550",NYS,$11B (Mid),0.75
ORIC,Oric Pharmaceuticals Inc,Yes,"1,273,850",NASDAQ,$891M (Micro),1.34
ORLY,O'Reilly Automotive Inc,Yes,"5,193,270",NASDAQ,$79B (Large),0.62
OSCR,Oscar Health Inc,Yes,"7,966,440",NYS,$5B (Small),1.91
OSS,One Stop Systems Inc,Yes,"1,955,560",NASDAQ,$198M (Micro),0.97
OTIS,Otis Worldwide Corp,Yes,"2,033,630",NYS,$35B (Mid),1.01
OTLK,Outlook Therapeutics Inc,Yes,"22,918,850",NASDAQ,$38M (Micro),0.09
OUST,Ouster Inc,Yes,"1,976,900",NASDAQ,$2B (Micro),2.93
OUT,OUTFRONT Media Inc,Yes,"1,031,680",NYS,$4B (Small),1.55
OVID,Ovid Therapeutics Inc,Yes,"1,346,770",NASDAQ,$217M (Micro),0.26
OVV,Ovintiv Inc,Yes,"3,433,630",NYS,$10B (Mid),0.78
OWL,Blue Owl Capital Inc,Yes,"11,422,650",NYS,$25B (Mid),1.11
OXSQ,Oxford Square Capital Corp,Yes,"1,169,310",NASDAQ,$145M (Micro),0.53
OXY,Occidental Petroleum Corp,Yes,"11,686,450",NYS,$42B (Large),0.41
OZK,Bank Ozk,Yes,"1,072,950",NASDAQ,$5B (Small),0.94
PAA,Plains All American Pipeline LP,Yes,"2,632,520",NASDAQ,$13B (Mid),0.56
PAAS,Pan American Silver Corp,Yes,"6,032,860",NYS,$23B (Mid),0.66
PACB,Pacific Biosciences of California Inc,Yes,"7,391,350",NASDAQ,$586M (Micro),2.27
PAGP,Plains GP Holdings LP,Yes,"1,670,660",NASDAQ,$4B (Small),0.54
PAGS,PagSeguro Digital Ltd,Yes,"3,187,670",NYS,$3B (Small),1.39
PANW,Palo Alto Networks Inc,Yes,"5,011,150",NASDAQ,$132B (Large),0.75
PARR,Par Pacific Holdings Inc,Yes,"1,189,650",NYS,$2B (Micro),1.23
PATH,UiPath Inc,Yes,"29,829,480",NYS,$9B (Mid),1.08
PAYO,Payoneer Global Inc,Yes,"2,613,730",NASDAQ,$2B (Micro),1.03
PAYX,Paychex Inc,Yes,"2,469,280",NASDAQ,$41B (Mid),0.89
PBF,PBF Energy Inc,Yes,"4,165,320",NYS,$4B (Small),0.5
PBI,Pitney Bowes Inc,Yes,"2,023,240",NYS,$2B (Micro),1.4
PBR,Petroleo Brasileiro SA Petrobras,Yes,"15,070,080",NYS,$44B (Large),0.53
PCAR,Paccar Inc,Yes,"2,717,070",NASDAQ,$62B (Large),1.04
PCG,PG&E Corp,Yes,"15,665,420",NYS,$35B (Mid),0.36
PCT,Purecycle Technologies Inc,Yes,"3,544,160",NASDAQ,$2B (Micro),2.06
PCVX,Vaxcyte Inc,Yes,"1,015,810",NASDAQ,$6B (Small),1.32
PD,PagerDuty Inc,Yes,"1,848,860",NYS,$1B (Micro),0.66
PDYN,Palladyne AI Corp,Yes,"2,050,530",NASDAQ,$283M (Micro),3.82
PEB,Pebblebrook Hotel Trust,Yes,"1,786,530",NYS,$1B (Micro),1.54
PEG,Public Service Enterprise Group Inc,Yes,"2,391,670",NYS,$39B (Mid),0.61
PENG,Penguin Solutions Inc,Yes,"1,830,790",NASDAQ,$1B (Micro),2.23
PENN,PENN Entertainment Inc,Yes,"3,322,420",NASDAQ,$2B (Micro),1.4
PEP,PepsiCo Inc,Yes,"7,113,170",NASDAQ,$191B (Large),0.4
PFE,Pfizer Inc,Yes,"38,105,460",NYS,$145B (Large),0.43
PFGC,Performance Food Group Co,Yes,"1,875,290",NYS,$14B (Mid),0.93
PFLT,PennantPark Floating Rate Capital Ltd,Yes,"1,199,140",NYS,$951M (Micro),0.76
PG,Procter & Gamble Co,Yes,"8,853,320",NYS,$332B (Large),0.37
PGEN,Precigen Inc,Yes,"3,889,830",NASDAQ,$2B (Micro),1.07
PGNY,Progyny Inc,Yes,"1,192,220",NASDAQ,$2B (Small),0.96
PGR,Progressive Corp,Yes,"3,012,920",NYS,$126B (Large),0.31
PGY,Pagaya Technologies Ltd,Yes,"3,039,270",NASDAQ,$2B (Micro),5.89
PHAT,Phathom Pharmaceuticals Inc,Yes,"1,325,370",NASDAQ,$1B (Micro),0.51
PHM,Pultegroup Inc,Yes,"1,701,640",NYS,$26B (Mid),1.35
PINS,Pinterest Inc,Yes,"10,819,340",NYS,$18B (Mid),0.92
PK,Park Hotels & Resorts Inc,Yes,"3,569,460",NYS,$2B (Small),1.45
PL,Planet Labs PBC,Yes,"10,643,720",NYS,$7B (Small),1.95
PLAB,Photronics Inc,Yes,"1,145,070",NASDAQ,$2B (Micro),1.52
PLD,Prologis Inc,Yes,"2,812,040",NYS,$120B (Large),1.43
PLG,Platinum Group Metals Ltd,Yes,"3,837,210",NYS,$305M (Micro),1.16
PLNT,Planet Fitness Inc,Yes,"1,578,290",NYS,$9B (Mid),1.26
PLRX,Pliant Therapeutics Inc,Yes,"1,041,870",NASDAQ,$81M (Micro),1.4
PLTK,Playtika Holding Corp,Yes,"1,037,380",NASDAQ,$1B (Micro),0.83
PLTR,Palantir Technologies Inc,Yes,"35,983,830",NASDAQ,$423B (Large),1.64
PLUG,Plug Power Inc,Yes,"90,293,860",NASDAQ,$3B (Small),1.88
PLYM,Plymouth Industrial REIT Inc,Yes,"1,177,970",NYS,$977M (Micro),1.25
PM,Philip Morris International Inc,Yes,"4,446,240",NYS,$253B (Large),0.41
PMT,PennyMac Mortgage Investment Trust,Yes,"1,174,650",NYS,$1B (Micro),1.26
PNC,PNC Financial Services Group Inc,Yes,"2,030,120",NYS,$85B (Large),0.99
PNFP,Pinnacle Financial Partners Inc,Yes,"2,630,720",NYS,$15B (Mid),1.03
PNR,Pentair PLC,Yes,"1,428,870",NYS,$17B (Mid),1.22
PNW,Pinnacle West Capital Corp,Yes,"1,034,310",NYS,$11B (Mid),0.53
POET,POET Technologies Inc,Yes,"6,074,750",NASDAQ,$974M (Micro),0.39
PPG,PPG Industries Inc,Yes,"1,570,560",NYS,$24B (Mid),1.16
PPL,PPL Corp,Yes,"4,376,880",NYS,$26B (Mid),0.71
PR,Permian Resources Corp,Yes,"9,736,320",NYS,$12B (Mid),0.75
PRCH,Porch Group Inc,Yes,"1,297,900",NASDAQ,$1B (Micro),3.07
PRCT,Procept Biorobotics Corp,Yes,"1,028,380",NASDAQ,$2B (Micro),0.99
PRGO,Perrigo Company PLC,Yes,"2,731,750",NYS,$2B (Micro),0.4
PRKS,United Parks & Resorts Inc,Yes,"1,171,570",NYS,$2B (Micro),1.27
PRMB,Primo Brands Corp,Yes,"6,379,910",NYS,$7B (Small),0.63
PROK,Prokidney Corp,Yes,"1,095,050",NASDAQ,$704M (Micro),1.82
PROP,Prairie Operating Co,Yes,"1,503,090",NASDAQ,$108M (Micro),2.43
PRTS,Carparts.Com Inc,Yes,"1,475,160",NASDAQ,$36M (Micro),0.94
PRU,Prudential Financial Inc,Yes,"1,300,230",NYS,$41B (Large),0.97
PSA,Public Storage,Yes,"1,018,050",NYS,$49B (Large),1.03
PSEC,Prospect Capital Corp,Yes,"5,525,890",NASDAQ,$1B (Micro),0.89
PSKY,Paramount Skydance Corp,Yes,"6,357,120",NASDAQ,$13B (Mid),1.25
PSN,Parsons Corp,Yes,"1,180,530",NYS,$7B (Small),0.67
PSTG,Pure Storage Inc,Yes,"3,073,160",NYS,$22B (Mid),1.27
PSX,Phillips 66,Yes,"2,516,790",NYS,$57B (Large),0.9
PTCT,PTC Therapeutics Inc,Yes,"1,315,820",NASDAQ,$6B (Small),0.48
PTEN,Patterson-UTI Energy Inc,Yes,"11,198,820",NASDAQ,$3B (Small),0.76
PTLO,Portillos Inc,Yes,"2,590,430",NASDAQ,$378M (Micro),1.76
PTON,Peloton Interactive Inc,Yes,"8,287,260",NASDAQ,$3B (Small),2.42
PUMP,ProPetro Holding Corp,Yes,"1,755,550",NYS,$978M (Micro),0.77
PYPL,PayPal Holdings Inc,Yes,"13,388,390",NASDAQ,$54B (Large),1.44
PYXS,Pyxis Oncology Inc,Yes,"1,687,230",NASDAQ,$110M (Micro),1.49
QBTS,D-Wave Quantum Inc,Yes,"39,038,680",NYS,$10B (Mid),1.55
QCOM,Qualcomm Inc,Yes,"6,894,020",NASDAQ,$190B (Large),1.22
QFIN,Qfin Holdings Inc,Yes,"1,529,790",NASDAQ,$2B (Small),0.57
QRVO,Qorvo Inc,Yes,"1,048,800",NASDAQ,$8B (Small),1.37
QS,Quantumscape Corp,Yes,"11,936,590",NASDAQ,$6B (Small),2.53
QSI,Quantum-Si Inc,Yes,"6,038,310",NASDAQ,$263M (Micro),3.04
QSR,Restaurant Brands International Inc,Yes,"2,833,490",NYS,$23B (Mid),0.6
QUBT,Quantum Computing Inc,Yes,"15,855,150",NASDAQ,$3B (Small),3.44
QURE,Uniqure NV,Yes,"1,574,850",NASDAQ,$2B (Micro),0.67
QXO,QXO Inc,Yes,"9,605,920",NYS,$17B (Mid),2.54
RANI,Rani Therapeutics Holdings Inc,Yes,"1,505,790",NASDAQ,$170M (Micro),0.44
RARE,Ultragenyx Pharmaceutical Inc,Yes,"5,830,030",NASDAQ,$2B (Small),0.16
RBA,RB Global Inc,Yes,"1,059,750",NYS,$20B (Mid),0.54
RBLX,Roblox Corp,Yes,"8,590,250",NYS,$51B (Large),1.63
RC,Ready Capital Corp,Yes,"3,938,540",NYS,$350M (Micro),1.5
RCAT,Red Cat Holdings Inc,Yes,"11,583,700",NASDAQ,$1B (Micro),1.35
RCKT,Rocket Pharmaceuticals Inc,Yes,"1,860,800",NASDAQ,$404M (Micro),0.48
RCL,Royal Caribbean Cruises Ltd,Yes,"1,678,310",NYS,$85B (Large),1.92
RCUS,Arcus Biosciences Inc,Yes,"1,537,190",NYS,$3B (Small),0.84
RDW,Redwire Corp,Yes,"19,944,010",NYS,$2B (Micro),2.47
RDY,Dr Reddy's Laboratories Ltd,Yes,"1,084,020",NYS,$11B (Mid),0.34
REAL,RealReal Inc,Yes,"2,523,830",NASDAQ,$2B (Micro),2.66
REAX,Real Brokerage Inc,Yes,"1,839,060",NASDAQ,$873M (Micro),1.05
REG,Regency Centers Corp,Yes,"1,060,870",NASDAQ,$13B (Mid),0.96
REI,Ring Energy Inc,Yes,"1,403,680",NYS,$192M (Micro),1
REKR,Rekor Systems Inc,Yes,"2,835,650",NASDAQ,$229M (Micro),2.15
RELX,RELX PLC,Yes,"1,968,570",NYS,$79B (Large),0.77
RELY,Remitly Global Inc,Yes,"2,642,600",NASDAQ,$3B (Small),0.11
REPL,Replimune Group Inc,Yes,"1,179,890",NASDAQ,$630M (Micro),0.73
RES,RPC Inc,Yes,"1,689,400",NYS,$1B (Micro),0.72
REXR,Rexford Industrial Realty Inc,Yes,"2,247,930",NYS,$9B (Mid),1.24
RF,Regions Financial Corp,Yes,"10,783,740",NYS,$25B (Mid),1.05
RGC,Regencell Bioscience Holdings Ltd,Yes,"1,323,820",NASDAQ,$23B (Mid),2.08
RGTI,Rigetti Computing Inc,Yes,"31,654,100",NASDAQ,$8B (Mid),1.71
RH,RH,Yes,"1,189,640",NYS,$4B (Small),2.13
RHI,Robert Half Inc,Yes,"1,797,200",NYS,$3B (Small),0.87
RIG,Transocean Ltd,Yes,"28,812,840",NYS,$5B (Small),1.46
RIO,Rio Tinto PLC,Yes,"4,557,060",NYS,$102B (Large),0.56
RIOT,Riot Platforms Inc,Yes,"13,958,930",NASDAQ,$6B (Small),3.73
RITM,Rithm Capital Corp,Yes,"8,383,380",NYS,$6B (Small),1.22
RIVN,Rivian Automotive Inc,Yes,"32,116,840",NASDAQ,$24B (Mid),1.77
RJF,Raymond James Financial Inc,Yes,"1,001,160",NYS,$33B (Mid),1.02
RKLB,Rocket Lab Corp,Yes,"28,014,190",NASDAQ,$45B (Large),2.17
RKT,Rocket Companies Inc,Yes,"30,897,300",NYS,$66B (Large),2.32
RLAY,Relay Therapeutics Inc,Yes,"1,845,710",NASDAQ,$1B (Micro),1.6
RLJ,RLJ Lodging Trust,Yes,"1,550,510",NYS,$1B (Micro),1.13
RLX,RLX Technology Inc,Yes,"1,991,140",NYS,$3B (Small),1.09
RMBS,Rambus Inc,Yes,"1,387,610",NASDAQ,$10B (Mid),1.52
RNA,Avidity Biosciences Inc,Yes,"1,840,090",NASDAQ,$11B (Mid),0.93
RNW,Renew Energy Global PLC,Yes,"1,107,960",NASDAQ,$2B (Micro),0.91
ROIV,Roivant Sciences Ltd,Yes,"5,850,690",NASDAQ,$15B (Mid),1.23
ROKU,Roku Inc,Yes,"2,606,210",NASDAQ,$16B (Mid),1.99
ROL,Rollins Inc,Yes,"2,120,560",NYS,$29B (Mid),0.77
ROST,Ross Stores Inc,Yes,"2,022,220",NASDAQ,$62B (Large),1
RPM,RPM International Inc,Yes,"1,358,170",NYS,$14B (Mid),1.1
RPRX,Royalty Pharma PLC,Yes,"3,137,230",NASDAQ,$23B (Mid),0.42
RPTX,Repare Therapeutics Inc,Yes,"1,069,100",NASDAQ,$109M (Micro),0.99
RRC,Range Resources Corp,Yes,"2,811,520",NYS,$8B (Mid),0.58
RSG,Republic Services Inc,Yes,"1,202,380",NYS,$66B (Large),0.55
RSI,Rush Street Interactive Inc,Yes,"1,294,390",NYS,$4B (Small),1.55
RTX,RTX Corp,Yes,"4,619,770",NYS,$253B (Large),0.42
RUM,Rumble Inc,Yes,"2,026,320",NASDAQ,$2B (Small),0.7
RUN,Sunrun Inc,Yes,"6,008,490",NASDAQ,$4B (Small),2.36
RVLV,Revolve Group Inc,Yes,"1,127,770",NYS,$2B (Small),1.8
RVMD,Revolution Medicines Inc,Yes,"6,140,340",NASDAQ,$23B (Mid),1.03
RVPH,Reviva Pharmaceuticals Holdings Inc,Yes,"6,478,300",NASDAQ,$40M (Micro),0.07
RWT,Redwood Trust Inc,Yes,"1,771,920",NYS,$722M (Micro),1.63
RXRX,Recursion Pharmaceuticals Inc,Yes,"19,646,560",NASDAQ,$2B (Small),0.96
RYAN,Ryan Specialty Holdings Inc,Yes,"1,220,830",NYS,$13B (Mid),0.62
RYN,Rayonier Inc,Yes,"1,664,290",NYS,$4B (Small),1
RZLT,Rezolute Inc,Yes,"6,010,990",NASDAQ,$244M (Micro),0.47
S,SentinelOne Inc,Yes,"6,137,260",NYS,$5B (Small),0.77
SA,Seabridge Gold Inc,Yes,"1,088,500",NYS,$3B (Small),0.81
SABR,Sabre Corp,Yes,"4,318,440",NASDAQ,$577M (Micro),1.07
SAN,Banco Santander SA,Yes,"3,188,030",NYS,$176B (Large),0.73
SANA,Sana Biotechnology Inc,Yes,"2,547,190",NASDAQ,$1B (Micro),1.97
SAP,SAP SE,Yes,"1,169,070",NYS,$288B (Large),1.17
SATL,Satellogic Inc,Yes,"6,158,650",NASDAQ,$408M (Micro),1.4
SATS,EchoStar Corp,Yes,"4,519,030",NASDAQ,$35B (Mid),1.02
SBH,Sally Beauty Holdings Inc,Yes,"1,762,200",NYS,$2B (Micro),1.16
SBLK,Star Bulk Carriers Corp,Yes,"1,363,100",NASDAQ,$2B (Small),0.8
SBRA,Sabra Health Care REIT Inc,Yes,"2,193,310",NASDAQ,$5B (Small),0.65
SBSW,Sibanye Stillwater Ltd,Yes,"7,485,680",NYS,$11B (Mid),0.66
SBUX,Starbucks Corp,Yes,"7,809,310",NASDAQ,$101B (Large),0.95
SCCO,Southern Copper Corp,Yes,"1,578,200",NYS,$140B (Large),1.08
SCHW,Charles Schwab Corp,Yes,"6,465,480",NYS,$178B (Large),0.93
SE,Sea Ltd,Yes,"4,087,450",NYS,$79B (Large),1.6
SEDG,Solaredge Technologies Inc,Yes,"2,757,420",NASDAQ,$2B (Micro),1.66
SEE,Sealed Air Corp,Yes,"2,766,210",NYS,$6B (Small),1.35
SEI,Solaris Energy Infrastructure Inc,Yes,"2,098,960",NYS,$4B (Small),1.15
SEMR,SEMrush Holdings Inc,Yes,"1,976,160",NYS,$2B (Micro),1.55
SES,SES AI Corp,Yes,"6,227,270",NYS,$778M (Micro),0.58
SFIX,Stitch Fix Inc,Yes,"2,010,310",NASDAQ,$668M (Micro),2.24
SFL,SFL Corporation Ltd,Yes,"1,220,800",NYS,$1B (Micro),0.5
SFM,Sprouts Farmers Market Inc,Yes,"2,355,670",NASDAQ,$8B (Small),0.75
SG,Sweetgreen Inc,Yes,"4,887,340",NYS,$926M (Micro),1.94
SGHC,SGHC Ltd,Yes,"1,982,420",NYS,$5B (Small),1.08
SGI,Somnigroup International Inc,Yes,"1,112,050",NYS,$20B (Mid),1.31
SGMO,Sangamo Therapeutics Inc,Yes,"4,326,310",NASDAQ,$149M (Micro),1.29
SGRY,Surgery Partners Inc,Yes,"1,293,950",NASDAQ,$2B (Micro),1.98
SHAK,Shake Shack Inc,Yes,"1,673,980",NYS,$4B (Small),1.76
SHC,Sotera Health Co,Yes,"2,108,190",NASDAQ,$5B (Small),1.83
SHCO,Soho House & Co Inc,Yes,"2,786,770",NYS,$2B (Micro),0.68
SHEL,Shell PLC,Yes,"5,161,670",NYS,$202B (Large),0.15
SHLS,Shoals Technologies Group Inc,Yes,"2,677,280",NASDAQ,$1B (Micro),1.7
SHO,Sunstone Hotel Investors Inc,Yes,"1,521,190",NYS,$2B (Micro),1.02
SHOP,Shopify Inc,Yes,"4,569,330",NASDAQ,$214B (Large),2.84
SHW,Sherwin-Williams Co,Yes,"1,479,860",NYS,$88B (Large),1.26
SID,Companhia Siderurgica Nacional SA,Yes,"2,839,580",NYS,$2B (Small),1.63
SIRI,Sirius XM Holdings Inc,Yes,"4,200,910",NASDAQ,$7B (Small),0.93
SITC,Site Centers Corp,Yes,"1,178,950",NYS,$333M (Micro),1.08
SJM,J M Smucker Co,Yes,"1,446,790",NYS,$11B (Mid),0.22
SKT,Tanger Inc,Yes,"1,081,060",NYS,$4B (Small),1.16
SKYT,Skywater Technology Inc,Yes,"2,702,420",NASDAQ,$1B (Micro),3.53
SLAI,SOLAI Ltd,Yes,"1,710,950",NYS,$21M (Micro),3.39
SLB,Slb NV,Yes,"18,112,090",NYS,$68B (Large),0.74
SLDP,Solid Power Inc,Yes,"5,815,130",NASDAQ,$1B (Micro),1.91
SLG,SL Green Realty Corp,Yes,"1,071,580",NYS,$4B (Small),1.63
SLM,SLM Corp,Yes,"1,727,700",NASDAQ,$6B (Small),1.15
SLS,Sellas Life Sciences Group Inc,Yes,"19,686,370",NASDAQ,$493M (Micro),2.27
SM,SM Energy Co,Yes,"2,957,860",NYS,$2B (Micro),1.14
SMCI,Super Micro Computer Inc,Yes,"25,023,190",NASDAQ,$18B (Mid),1.52
SMFG,Sumitomo Mitsui Financial Group Inc,Yes,"1,840,270",NYS,$129B (Large),0.39
SMPL,Simply Good Foods Co,Yes,"2,278,630",NASDAQ,$2B (Micro),0.26
SMR,Nuscale Power Corp,Yes,"34,861,340",NYS,$6B (Small),2.17
SMTC,Semtech Corp,Yes,"1,048,420",NASDAQ,$7B (Small),2.02
SNAP,Snap Inc,Yes,"37,207,560",NYS,$14B (Mid),0.83
SNDL,SNDL Inc,Yes,"2,039,780",NASDAQ,$427M (Micro),0.82
SNDX,Syndax Pharmaceuticals Inc,Yes,"1,262,070",NASDAQ,$2B (Micro),0.46
SNOW,Snowflake Inc,Yes,"3,325,480",NYS,$75B (Large),1.14
SNPS,Synopsys Inc,Yes,"1,583,850",NASDAQ,$100B (Large),1.12
SNY,Sanofi SA,Yes,"2,938,650",NASDAQ,$119B (Large),0.43
SO,Southern Co,Yes,"3,662,880",NYS,$96B (Large),0.44
SOC,Sable Offshore Corp,Yes,"9,717,400",NYS,$1B (Micro),0.41
SOFI,SoFi Technologies Inc,Yes,"50,013,750",NASDAQ,$35B (Mid),2.14
SONO,Sonos Inc,Yes,"1,187,090",NASDAQ,$2B (Micro),2.05
SONY,Sony Group Corp,Yes,"3,729,500",NYS,$149B (Large),0.98
SOUN,SoundHound AI Inc,Yes,"25,585,570",NASDAQ,$5B (Small),2.88
SPCE,Virgin Galactic Holdings Inc,Yes,"4,398,680",NYS,$201M (Micro),2.21
SPG,Simon Property Group Inc,Yes,"1,077,980",NYS,$60B (Large),1.42
SPGI,S&P Global Inc,Yes,"1,228,120",NYS,$164B (Large),1.2
SPOT,Spotify Technology SA,Yes,"1,727,200",NYS,$111B (Large),1.66
SPRY,ARS Pharmaceuticals Inc,Yes,"1,871,550",NASDAQ,$1B (Micro),0.79
SQM,Sociedad Quimica y Minera de Chile SA,Yes,"1,117,910",NYS,$11B (Mid),1.03
SRAD,Sportradar Group AG,Yes,"2,053,740",NASDAQ,$6B (Small),2.01
SRE,Sempra,Yes,"2,334,110",NYS,$58B (Large),0.74
SRPT,Sarepta Therapeutics Inc,Yes,"2,505,690",NASDAQ,$2B (Small),0.39
SSL,Sasol Ltd,Yes,"1,038,420",NYS,$4B (Small),0.44
ST,Sensata Technologies Holding PLC,Yes,"1,386,570",NYS,$5B (Small),1.16
STAA,STAAR Surgical Co,Yes,"1,780,960",NASDAQ,$1B (Micro),1.07
STAG,STAG Industrial Inc,Yes,"1,186,880",NYS,$7B (Small),1.06
STGW,Stagwell Inc,Yes,"1,504,140",NASDAQ,$1B (Micro),1.69
STIM,Neuronetics Inc,Yes,"1,559,170",NASDAQ,$142M (Micro),0.81
STLD,Steel Dynamics Inc,Yes,"1,064,270",NASDAQ,$25B (Mid),1.47
STM,STMicroelectronics NV,Yes,"5,775,750",NYS,$26B (Mid),1.59
STNE,StoneCo Ltd,Yes,"4,712,980",NASDAQ,$4B (Small),1.82
STT,State Street Corp,Yes,"1,934,850",NYS,$37B (Mid),1.44
STWD,Starwood Property Trust Inc,Yes,"4,148,580",NYS,$7B (Small),1.16
STX,Seagate Technology Holdings PLC,Yes,"3,162,930",NASDAQ,$66B (Large),1.64
STZ,Constellation Brands Inc,Yes,"3,186,600",NYS,$25B (Mid),0.44
SU,Suncor Energy Inc,Yes,"5,036,240",NYS,$56B (Large),0.46
SUIG,SUI Group Holdings Ltd,Yes,"1,102,780",NASDAQ,$157M (Micro),1.31
SUPV,Grupo Supervielle SA,Yes,"1,152,850",NYS,$1B (Micro),1.72
SVC,Service Properties Trust,Yes,"1,314,020",NASDAQ,$361M (Micro),1.46
SVM,Silvercorp Metals Inc,Yes,"5,156,380",NYS,$2B (Micro),0.97
SVRA,Savara Inc,Yes,"1,678,590",NASDAQ,$1B (Micro),0.33
SW,Smurfit WestRock PLC,Yes,"4,605,350",NYS,$22B (Mid),1.01
SWK,Stanley Black & Decker Inc,Yes,"1,573,490",NYS,$13B (Mid),1.21
SWKS,Skyworks Solutions Inc,Yes,"3,483,480",NASDAQ,$9B (Mid),1.32
SXC,SunCoke Energy Inc,Yes,"1,016,200",NYS,$674M (Micro),0.97
SYF,Synchrony Financial,Yes,"2,115,240",NYS,$31B (Mid),1.42
SYK,Stryker Corp,Yes,"1,633,980",NYS,$141B (Large),0.88
SYM,Symbotic Inc,Yes,"1,707,700",NASDAQ,$43B (Large),2.15
Symbol,Description,Optionable Stocks,Average Volume (10 Day),Exchange,Market Capitalization,Beta
SYY,Sysco Corp,Yes,"2,590,220",NYS,$36B (Mid),0.61
T,AT&T Inc,Yes,"34,957,360",NYS,$170B (Large),0.37
TAC,TransAlta Corp,Yes,"1,058,870",NYS,$4B (Small),0.77
TAK,Takeda Pharmaceutical Co Ltd,Yes,"1,979,410",NYS,$52B (Large),0.05
TAL,TAL Education Group,Yes,"2,237,990",NYS,$7B (Small),0.07
TALK,Talkspace Inc,Yes,"1,277,610",NASDAQ,$666M (Micro),1.21
TALO,Talos Energy Inc,Yes,"1,333,150",NYS,$2B (Micro),0.57
TAP,Molson Coors Beverage Co,Yes,"2,798,050",NYS,$9B (Mid),0.48
TBLA,Taboola.com Ltd,Yes,"1,420,980",NASDAQ,$1B (Micro),1.29
TD,Toronto-Dominion Bank,Yes,"2,813,100",NYS,$158B (Large),0.67
TDAY,USA TODAY Co Inc,Yes,"1,226,190",NYS,$859M (Micro),1.59
TDC,Teradata Corp,Yes,"1,052,630",NYS,$3B (Small),0.61
TDOC,Teladoc Health Inc,Yes,"4,926,560",NYS,$1B (Micro),2.13
TDS,Telephone and Data Systems Inc,Yes,"1,107,280",NYS,$5B (Small),0.33
TDUP,ThredUp Inc,Yes,"1,813,950",NASDAQ,$751M (Micro),1.73
TE,T1 Energy Inc,Yes,"16,949,490",NYS,$2B (Micro),1.6
TEAM,Atlassian Corp,Yes,"2,489,790",NASDAQ,$39B (Mid),0.88
TECH,Bio-Techne Corp,Yes,"1,552,580",NASDAQ,$10B (Mid),1.48
TEF,Telefonica SA,Yes,"2,220,750",NYS,$22B (Mid),0.31
TEL,TE Connectivity PLC,Yes,"1,247,760",NYS,$68B (Large),1.24
TENB,Tenable Holdings Inc,Yes,"1,337,790",NASDAQ,$3B (Small),0.63
TER,Teradyne Inc,Yes,"2,525,280",NASDAQ,$34B (Mid),1.83
TEVA,Teva Pharmaceutical Industries Ltd,Yes,"8,830,530",NYS,$37B (Mid),0.7
TEX,Terex Corp,Yes,"1,037,780",NYS,$4B (Small),1.68
TFC,Truist Financial Corp,Yes,"6,648,680",NYS,$65B (Large),0.88
TGB,Taseko Mines Ltd,Yes,"6,847,710",NYS,$2B (Small),1.25
TGEN,Tecogen Inc,Yes,"1,044,950",NYS,$142M (Micro),1.32
TGT,Target Corp,Yes,"6,938,870",NYS,$48B (Large),1.14
TGTX,TG Therapeutics Inc,Yes,"1,935,050",NASDAQ,$5B (Small),1.85
TIGO,Millicom International Cellular SA,Yes,"1,117,240",NASDAQ,$8B (Mid),0.92
TIGR,UP Fintech Holding Ltd,Yes,"4,074,350",NASDAQ,$2B (Micro),0.48
TJX,TJX Companies Inc,Yes,"4,133,210",NYS,$175B (Large),0.74
TKC,Turkcell Iletisim Hizmetleri AS,Yes,"1,052,460",NYS,$5B (Small),0.92
TLRY,Tilray Brands Inc,Yes,"7,460,150",NASDAQ,$1B (Micro),2.03
TMC,TMC the metals company Inc,Yes,"7,066,640",NASDAQ,$3B (Small),1.86
TME,Tencent Music Entertainment Group,Yes,"4,866,210",NYS,$27B (Mid),0.52
TMO,Thermo Fisher Scientific Inc,Yes,"1,784,750",NYS,$233B (Large),0.93
TMUS,T-Mobile US Inc,Yes,"3,650,010",NASDAQ,$224B (Large),0.43
TNDM,Tandem Diabetes Care Inc,Yes,"1,146,330",NASDAQ,$1B (Micro),1.69
TNGX,Tango Therapeutics Inc,Yes,"3,468,260",NASDAQ,$2B (Micro),1.77
TNYA,Tenaya Therapeutics Inc,Yes,"3,009,180",NASDAQ,$163M (Micro),3.19
TOI,Oncology Institute Inc,Yes,"1,901,890",NASDAQ,$411M (Micro),0.18
TOST,Toast Inc,Yes,"6,905,910",NYS,$21B (Mid),1.94
TPG,TPG Inc,Yes,"1,267,110",NASDAQ,$25B (Mid),1.49
TPR,Tapestry Inc,Yes,"2,082,710",NYS,$27B (Mid),1.65
TREX,Trex Company Inc,Yes,"2,042,680",NYS,$4B (Small),1.59
TRGP,Targa Resources Corp,Yes,"1,022,450",NYS,$38B (Mid),0.87
TRIN,Trinity Capital Inc,Yes,"1,345,440",NASDAQ,$1B (Micro),0.59
TRIP,Tripadvisor Inc,Yes,"2,134,090",NASDAQ,$2B (Micro),1.02
TRMB,Trimble Inc,Yes,"1,271,020",NASDAQ,$19B (Mid),1.59
TROW,T Rowe Price Group Inc,Yes,"1,614,880",NASDAQ,$23B (Mid),1.55
TROX,Tronox Holdings PLC,Yes,"3,617,380",NYS,$893M (Micro),1.18
TRP,TC Energy Corp,Yes,"2,110,240",NYS,$56B (Large),0.75
TRU,TransUnion,Yes,"1,817,580",NYS,$17B (Mid),1.7
TRV,Travelers Companies Inc,Yes,"1,273,730",NYS,$63B (Large),0.52
TRVI,Trevi Therapeutics Inc,Yes,"1,445,080",NASDAQ,$1B (Micro),0.94
TRX,TRX Gold Corp,Yes,"1,580,350",NYS,$257M (Micro),0.32
TS,Tenaris SA,Yes,"1,267,950",NYS,$20B (Mid),0.92
TSCO,Tractor Supply Co,Yes,"7,313,230",NASDAQ,$27B (Mid),0.74
TSE,Trinseo PLC,Yes,"1,488,460",NYS,$28M (Micro),1.49
TSEM,Tower Semiconductor Ltd,Yes,"1,381,020",NASDAQ,$13B (Mid),0.89
TSHA,Taysha Gene Therapies Inc,Yes,"2,475,600",NASDAQ,$1B (Micro),0.98
TSLA,Tesla Inc,Yes,"66,013,150",NASDAQ,$1T (Large),1.86
TSM,Taiwan Semiconductor Manufacturing Co Ltd,Yes,"11,219,030",NYS,$2T (Large),1.32
TSN,Tyson Foods Inc,Yes,"2,365,790",NYS,$20B (Mid),0.47
TSSI,TSS Inc,Yes,"1,155,980",NASDAQ,$246M (Micro),2.08
TT,Trane Technologies PLC,Yes,"1,576,050",NYS,$85B (Large),1.21
TTD,Trade Desk Inc,Yes,"10,161,730",NASDAQ,$18B (Mid),1.1
TTEK,Tetra Tech Inc,Yes,"1,580,180",NASDAQ,$9B (Mid),0.91
TTI,Tetra Technologies Inc,Yes,"1,831,460",NYS,$1B (Micro),1.25
TTMI,TTM Technologies Inc,Yes,"1,542,570",NASDAQ,$8B (Mid),1.74
TTWO,Take-Two Interactive Software Inc,Yes,"1,100,220",NASDAQ,$46B (Large),0.92
TU,Telus Corp,Yes,"5,073,660",NYS,$21B (Mid),0.69
TV,Grupo Televisa SAB,Yes,"1,231,390",NYS,$2B (Micro),1.97
TVTX,Travere Therapeutics Inc,Yes,"2,025,040",NASDAQ,$3B (Small),0.83
TW,Tradeweb Markets Inc,Yes,"1,215,640",NASDAQ,$22B (Mid),0.83
TWLO,Twilio Inc,Yes,"1,955,280",NYS,$20B (Mid),1.32
TWO,Two Harbors Investment Corp,Yes,"3,709,060",NYS,$1B (Micro),1.23
TWST,Twist Bioscience Corp,Yes,"1,174,810",NASDAQ,$2B (Small),2.24
TXG,10X Genomics Inc,Yes,"2,353,410",NASDAQ,$3B (Small),2.25
TXN,Texas Instruments Inc,Yes,"6,201,110",NASDAQ,$173B (Large),1
TXT,Textron Inc,Yes,"1,606,550",NYS,$17B (Mid),0.99
U,Unity Software Inc,Yes,"5,102,220",NYS,$19B (Mid),2.05
UAA,Under Armour Inc,Yes,"16,859,300",NYS,$1B (Micro),1.84
UAL,United Airlines Holdings Inc,Yes,"3,326,300",NASDAQ,$38B (Mid),1.3
UAMY,United States Antimony Corp,Yes,"13,085,470",NYS,$1B (Micro),0.12
UBER,Uber Technologies Inc,Yes,"15,805,810",NYS,$178B (Large),1.21
UBS,UBS Group AG,Yes,"2,030,720",NYS,$149B (Large),1.12
UDMY,Udemy Inc,Yes,"1,942,760",NASDAQ,$835M (Micro),1.72
UDR,UDR Inc,Yes,"3,147,950",NYS,$12B (Mid),0.71
UEC,Uranium Energy Corp,Yes,"8,530,180",NYS,$7B (Small),1.23
UGI,UGI Corp,Yes,"1,887,430",NYS,$8B (Mid),1.09
UGP,Ultrapar Participacoes SA,Yes,"1,169,210",NYS,$4B (Small),0.85
UL,Unilever PLC,Yes,"2,173,110",NYS,$140B (Large),0.35
ULCC,Frontier Group Holdings Inc,Yes,"3,183,380",NASDAQ,$1B (Micro),2.56
UMC,United Microelectronics Corp,Yes,"9,674,930",NYS,$22B (Mid),1.05
UNH,UnitedHealth Group Inc,Yes,"5,833,570",NYS,$312B (Large),0.42
UNIT,Uniti Group Inc (Delaware),Yes,"2,071,070",NASDAQ,$2B (Micro),1.48
UNP,Union Pacific Corp,Yes,"2,277,660",NYS,$136B (Large),0.99
UP,Wheels Up Experience Inc,Yes,"3,351,200",NYS,$488M (Micro),2.36
UPS,United Parcel Service Inc,Yes,"4,972,210",NYS,$92B (Large),1.09
UPST,Upstart Holdings Inc,Yes,"4,598,760",NASDAQ,$5B (Small),2.39
UPWK,Upwork Inc,Yes,"2,267,340",NASDAQ,$3B (Small),1.06
URBN,Urban Outfitters Inc,Yes,"1,694,560",NASDAQ,$7B (Small),1.25
USB,US Bancorp,Yes,"7,570,370",NYS,$86B (Large),1.08
USFD,US Foods Holding Corp,Yes,"2,215,320",NYS,$17B (Mid),1.02
UTZ,UTZ Brands Inc,Yes,"1,204,440",NYS,$1B (Micro),0.93
UUUU,Energy Fuels Inc,Yes,"12,072,170",NYS,$4B (Small),1.46
UWMC,UWM Holdings Corp,Yes,"16,209,770",NYS,$9B (Mid),1.9
V,Visa Inc,Yes,"5,024,260",NYS,$669B (Large),0.79
VALE,Vale SA,Yes,"31,836,960",NYS,$60B (Large),0.57
VEEV,Veeva Systems Inc,Yes,"1,364,890",NYS,$39B (Mid),1.08
VELO,Velo3D Inc,Yes,"1,293,130",NASDAQ,$493M (Micro),1.99
VERA,Vera Therapeutics Inc,Yes,"1,092,740",NASDAQ,$3B (Small),1.15
VERI,Veritone Inc,Yes,"2,148,130",NASDAQ,$431M (Micro),2.13
VFC,VF Corp,Yes,"5,274,990",NYS,$8B (Mid),1.68
VFF,Village Farms International Inc,Yes,"1,150,750",NASDAQ,$396M (Micro),1.3
VGZ,Vista Gold Corp,Yes,"1,392,140",NYS,$257M (Micro),1.12
VIAV,Viavi Solutions Inc,Yes,"3,013,580",NASDAQ,$4B (Small),0.96
VICI,VICI Properties Inc,Yes,"10,851,190",NYS,$30B (Mid),0.72
VIPS,Vipshop Holdings Ltd,Yes,"2,424,430",NYS,$9B (Mid),0.71
VIR,Vir Biotechnology Inc,Yes,"1,516,310",NASDAQ,$814M (Micro),1.68
VIRT,Virtu Financial Inc,Yes,"1,023,170",NYS,$5B (Small),0.6
VITL,Vital Farms Inc,Yes,"1,177,870",NASDAQ,$1B (Micro),1.1
VKTX,Viking Therapeutics Inc,Yes,"3,144,370",NASDAQ,$4B (Small),0.74
VLN,Valens Semiconductor Ltd,Yes,"5,205,910",NYS,$254M (Micro),0.3
VLO,Valero Energy Corp,Yes,"4,554,820",NYS,$57B (Large),0.77
VLY,Valley National Bancorp,Yes,"5,153,990",NASDAQ,$7B (Small),1.12
VNDA,Vanda Pharmaceuticals Inc,Yes,"4,752,200",NASDAQ,$433M (Micro),0.62
VNET,VNET Group Inc,Yes,"3,433,550",NASDAQ,$3B (Small),0.02
VNO,Vornado Realty Trust,Yes,"1,050,250",NYS,$7B (Small),1.53
VNOM,Viper Energy Inc,Yes,"1,951,310",NASDAQ,$13B (Mid),0.49
VNRX,VolitionRX Ltd,Yes,"2,858,470",NYS,$41M (Micro),1.3
VOD,Vodafone Group PLC,Yes,"4,372,050",NASDAQ,$32B (Mid),0.41
VOR,Vor Biopharma Inc,Yes,"1,097,060",NASDAQ,$484M (Micro),2.02
VRDN,Viridian Therapeutics Inc,Yes,"1,403,970",NASDAQ,$3B (Small),0.96
VRNS,Varonis Systems Inc,Yes,"1,713,400",NASDAQ,$4B (Small),0.59
VRSK,Verisk Analytics Inc,Yes,"1,161,340",NASDAQ,$31B (Mid),0.79
VRT,Vertiv Holdings Co,Yes,"5,152,570",NYS,$63B (Large),2.08
VRTX,Vertex Pharmaceuticals Inc,Yes,"1,176,990",NASDAQ,$118B (Large),0.31
VSAT,Viasat Inc,Yes,"1,632,850",NASDAQ,$6B (Small),1.47
VSCO,Victoria's Secret & Co,Yes,"1,957,390",NYS,$5B (Small),2.31
VSH,Vishay Intertechnology Inc,Yes,"1,147,150",NYS,$2B (Small),1.15
VST,Vistra Corp,Yes,"5,465,640",NYS,$56B (Large),1.42
VSTM,Verastem Inc,Yes,"2,100,220",NASDAQ,$601M (Micro),0.42
VTGN,Vistagen Therapeutics Inc,Yes,"2,030,730",NASDAQ,$26M (Micro),0.32
VTR,Ventas Inc,Yes,"2,495,210",NYS,$35B (Mid),0.79
VTRS,Viatris Inc,Yes,"8,010,780",NASDAQ,$15B (Mid),0.78
VTYX,Ventyx Biosciences Inc,Yes,"9,080,040",NASDAQ,$991M (Micro),1.28
VUZI,Vuzix Corp,Yes,"2,472,360",NASDAQ,$265M (Micro),1.51
VVV,Valvoline Inc,Yes,"1,883,910",NYS,$4B (Small),1.2
VYX,NCR Voyix Corp,Yes,"1,519,160",NYS,$2B (Micro),1.46
VZ,Verizon Communications Inc,Yes,"25,551,080",NYS,$171B (Large),0.32
W,Wayfair Inc,Yes,"2,419,080",NYS,$15B (Mid),3.37
WBD,Warner Bros Discovery Inc,Yes,"23,560,690",NASDAQ,$72B (Large),1.65
WCN,Waste Connections Inc,Yes,"1,293,720",NYS,$43B (Large),0.61
WDAY,Workday Inc,Yes,"2,472,000",NASDAQ,$54B (Large),1.13
WDC,Western Digital Corp,Yes,"8,672,670",NASDAQ,$69B (Large),1.8
WEAV,Weave Communications Inc,Yes,"1,495,310",NYS,$559M (Micro),1.69
WEC,WEC Energy Group Inc,Yes,"1,719,490",NYS,$34B (Mid),0.57
WELL,Welltower Inc,Yes,"2,391,190",NYS,$128B (Large),0.84
WEN,Wendy's Co,Yes,"5,408,370",NASDAQ,$2B (Micro),0.38
WFC,Wells Fargo & Co,Yes,"10,134,400",NYS,$301B (Large),1.09
WHR,Whirlpool Corp,Yes,"1,175,870",NYS,$5B (Small),1.23
WIT,Wipro Ltd,Yes,"3,679,110",NYS,$30B (Mid),1.05
WIX,Wix.Com Ltd,Yes,"1,049,480",NASDAQ,$5B (Small),1.42
WLK,Westlake Corp,Yes,"1,198,130",NYS,$11B (Mid),0.91
WM,Waste Management Inc,Yes,"1,514,610",NYS,$89B (Large),0.58
WMB,Williams Companies Inc,Yes,"5,967,460",NYS,$74B (Large),0.67
WMG,Warner Music Group Corp,Yes,"1,770,400",NASDAQ,$16B (Mid),1.24
WMT,Walmart Inc,Yes,"16,845,350",NASDAQ,$913B (Large),0.66
WOOF,Petco Health and Wellness Company Inc,Yes,"1,895,890",NASDAQ,$944M (Micro),1.72
WPC,WP Carey Inc,Yes,"1,147,650",NYS,$15B (Mid),0.81
WPM,Wheaton Precious Metals Corp,Yes,"1,607,290",NYS,$57B (Large),0.52
WRB,W R Berkley Corp,Yes,"2,487,980",NYS,$26B (Mid),0.37
WRBY,Warby Parker Inc,Yes,"4,646,170",NYS,$3B (Small),2.08
WSC,WillScot Holdings Corp,Yes,"1,939,110",NASDAQ,$4B (Small),1.12
WSM,Williams-Sonoma Inc,Yes,"1,027,720",NYS,$24B (Mid),1.64
WT,WisdomTree Inc,Yes,"3,522,960",NYS,$2B (Micro),1.09
WTI,W&T Offshore Inc,Yes,"1,347,150",NYS,$244M (Micro),0.34
WTRG,Essential Utilities Inc,Yes,"1,487,490",NYS,$11B (Mid),0.8
WU,Western Union Co,Yes,"6,244,060",NYS,$3B (Small),0.55
WULF,Terawulf Inc,Yes,"19,172,420",NASDAQ,$5B (Small),3.71
WWR,Westwater Resources Inc,Yes,"2,599,910",NYS,$119M (Micro),1.56
WWW,Wolverine World Wide Inc,Yes,"1,750,260",NYS,$2B (Micro),1.93
WY,Weyerhaeuser Co,Yes,"6,491,900",NYS,$19B (Mid),1.03
WYNN,Wynn Resorts Ltd,Yes,"1,165,960",NASDAQ,$12B (Mid),1.06
XEL,Xcel Energy Inc,Yes,"4,326,540",NASDAQ,$44B (Large),0.46
XENE,Xenon Pharmaceuticals Inc,Yes,"1,121,980",NASDAQ,$3B (Small),0.96
XERS,Xeris Biopharma Holdings Inc,Yes,"3,061,540",NASDAQ,$1B (Micro),0.64
XIFR,XPLR Infrastructure LP,Yes,"1,747,790",NYS,$990M (Micro),0.97
XOM,Exxon Mobil Corp,Yes,"16,889,830",NYS,$526B (Large),0.38
XP,XP Inc,Yes,"4,344,310",NASDAQ,$9B (Mid),1.22
XPEV,Xpeng Inc,Yes,"8,316,380",NYS,$19B (Mid),1.16
XPO,XPO Inc,Yes,"1,037,280",NYS,$17B (Mid),2.06
XRAY,DENTSPLY SIRONA Inc,Yes,"4,188,360",NASDAQ,$3B (Small),1.03
XRX,Xerox Holdings Corp,Yes,"2,530,370",NASDAQ,$325M (Micro),1.75
XYZ,Block Inc,Yes,"5,001,800",NYS,$42B (Large),2.68
YETI,Yeti Holdings Inc,Yes,"1,810,940",NYS,$4B (Small),1.77
YMM,Full Truck Alliance Co Ltd,Yes,"9,540,560",NYS,$11B (Mid),0.22
YOU,Clear Secure Inc,Yes,"1,071,110",NYS,$5B (Small),1.22
YPF,YPF SA,Yes,"1,363,270",NYS,$13B (Mid),1.42
YUM,Yum! Brands Inc,Yes,"1,657,390",NYS,$43B (Large),0.66
Z,Zillow Group Inc,Yes,"2,635,660",NASDAQ,$13B (Mid),2.08
ZBH,Zimmer Biomet Holdings Inc,Yes,"1,539,920",NYS,$18B (Mid),0.63
ZETA,Zeta Global Holdings Corp,Yes,"10,515,040",NYS,$6B (Small),1.28
ZIM,ZIM Integrated Shipping Services Ltd,Yes,"3,891,050",NYS,$3B (Small),1.63
ZION,Zions Bancorporation NA,Yes,"1,173,530",NASDAQ,$9B (Mid),0.84
ZIP,Ziprecruiter Inc,Yes,"1,007,400",NYS,$273M (Micro),1.1
ZM,Zoom Communications Inc,Yes,"2,272,180",NASDAQ,$25B (Mid),0.9
ZNTL,Zentalis Pharmaceuticals Inc,Yes,"3,643,530",NASDAQ,$270M (Micro),1.81
ZS,Zscaler Inc,Yes,"1,378,450",NASDAQ,$35B (Mid),1.02
ZTS,Zoetis Inc,Yes,"3,914,290",NYS,$56B (Large),0.96
ZVIA,Zevia PBC,Yes,"1,377,840",NYS,$140M (Micro),0.85
ZYME,Zymeworks Inc,Yes,"1,065,190",NASDAQ,$2B (Micro),1.24